date_of_calculation,code_of_stock,name_of_stock,name_of_short_seller,address_of_short_seller,name_of_discretionary_investment_contractor,address_of_discretionary_investment_contractor,name_of_investment_fund,ratio_of_short_positions_to_shares_outstanding,number_of_short_positions_in_shares,number_of_short_positions_in_trading_units,date_of_calculation_in_previous_reporting,ratio_of_short_positions_in_previous_reporting,notes
2025-07-07,3350,Metaplanet Inc.,モルガン・スタンレーMUFG証券株式会社,東京都千代田区大手町一丁目９番７号大手町フィナンシャルシティサウスタワー,,,,0.0148,8934878,89348.0,2025-07-04,0.0159,
2025-07-04,3350,Metaplanet Inc.,モルガン・スタンレーMUFG証券株式会社,東京都千代田区大手町一丁目９番７号大手町フィナンシャルシティサウスタワー,,,,0.0159,9581678,95816.0,2025-07-01,0.0178,
2025-07-04,3350,Metaplanet Inc.,Barclays Capital Securities Ltd,"1 Churchill Place, London, E14 5HP, United Kingdom",,,,0.030600000000000002,20093988,200939.0,2025-06-26,0.0292,
2025-07-03,3350,Metaplanet Inc.,UBS AG,"Bahnhofstrasse 45, 8001 Zurich, Switzerland",,,,0.006,3980078,39800.0,2025-07-01,0.0043,
2025-07-03,3350,Metaplanet Inc.,Nomura International plc,"1 Angel Lane, London, EC4R 3AB, United Kingdom",,,,0.005,3338152,33381.0,2025-07-02,0.0048,
2025-07-02,3350,Metaplanet Inc.,GOLDMAN SACHS INTERNATIONAL,Plumtree Court 25 Shoe Lane London,,,,0.015300000000000001,10079884,100798.0,2025-06-24,0.014499999999999999,顧客取引に係るヘッジポジション及びETFの場合は当該ETFの設定を伴う空売りを含む
2025-07-01,3350,Metaplanet Inc.,モルガン・スタンレーMUFG証券株式会社,東京都千代田区大手町一丁目９番７号大手町フィナンシャルシティサウスタワー,,,,0.0178,10751778,107517.0,2025-06-27,0.0166,
2025-06-27,3350,Metaplanet Inc.,モルガン・スタンレーMUFG証券株式会社,東京都千代田区大手町一丁目９番７号大手町フィナンシャルシティサウスタワー,,,,0.0166,9987978,99879.0,2025-06-26,0.018000000000000002,
2025-06-26,3350,Metaplanet Inc.,Barclays Capital Securities Ltd,"1 Churchill Place, London, E14 5HP, United Kingdom",,,,0.0292,19148888,191488.0,2025-06-24,0.032400000000000005,
2025-06-26,3350,Metaplanet Inc.,Citigroup Global Markets Limited,"Citigroup Centre, Canada Square, Canary Wharf, London E14 5LB , UK",,,,0.0219,14395100,143951.0,2025-06-24,0.0238,
2025-06-26,3350,Metaplanet Inc.,モルガン・スタンレーMUFG証券株式会社,東京都千代田区大手町一丁目９番７号大手町フィナンシャルシティサウスタワー,,,,0.018000000000000002,10837584,108375.0,2025-06-25,0.0178,
2025-06-25,3350,Metaplanet Inc.,Societe Generale,"Tour S.G. 17 cours Valmy Cedex 92987
PARIS La Defense France",,,,0.0069,4194900,41949.0,2025-06-24,0.007,
2025-06-25,3350,Metaplanet Inc.,モルガン・スタンレーMUFG証券株式会社,東京都千代田区大手町一丁目９番７号大手町フィナンシャルシティサウスタワー,,,,0.0178,10698984,106989.0,2025-06-24,0.019,
2025-06-25,3350,Metaplanet Inc.,JPM Securities Japan Co Ltd.,"TOKYO BUILDING,7-3, MARUNOUCHI 2-CHOME, CHIYODA-KU, TOKYO, 1006432, JAPAN",,,,0.0103,6763476,67634.0,2025-06-18,0.0113,
2025-06-25,3350,Metaplanet Inc.,Jefferies International Limited,"100 Bishopsgate, London EC2N 4JL, United Kingdom",,,,0.0065,3937088,39370.0,2025-06-23,0.005,
2025-06-24,3350,Metaplanet Inc.,モルガン・スタンレーMUFG証券株式会社,東京都千代田区大手町一丁目９番７号大手町フィナンシャルシティサウスタワー,,,,0.019,11428284,114282.0,2025-06-23,0.0253,
2025-06-24,3350,Metaplanet Inc.,Barclays Capital Securities Ltd,"1 Churchill Place, London, E14 5HP, United Kingdom",,,,0.032400000000000005,19482088,194820.0,2025-06-23,0.0296,
2025-06-24,3350,Metaplanet Inc.,Evo Fund,"One Nexus Way, Camana Bay, Grand Cayman KY1-9005, Cayman Islands","Evolution Japan Securities Co., Ltd.","New Otani Garden Court 12F, Kioicho 4-1, Chiyoda-ku , Tokyo 102-0094",Evo Fund,0.0,0,0.0,2025-06-17,0.0499,
2025-06-24,3350,Metaplanet Inc.,Societe Generale,"Tour S.G. 17 cours Valmy Cedex 92987
PARIS La Defense France",,,,0.007,4207500,42075.0,,,
2025-06-24,3350,Metaplanet Inc.,UBS AG,"Bahnhofstrasse 45, 8001 Zurich, Switzerland",,,,0.0049,2958539,29585.0,2025-06-18,0.0055000000000000005,
2025-06-24,3350,Metaplanet Inc.,MERRILL LYNCH INTERNATIONAL,"2 KING EDWARD STREET, LONDON, EC1A 1HQ",,,,0.0036,2202925,22029.0,2025-06-23,0.006,
2025-06-24,3350,Metaplanet Inc.,GOLDMAN SACHS INTERNATIONAL,Plumtree Court 25 Shoe Lane London,,,,0.014499999999999999,8754485,87544.0,2025-06-20,0.0121,顧客取引に係るヘッジポジション及びETFの場合は当該ETFの設定を伴う空売りを含む
2025-06-24,3350,Metaplanet Inc.,Citigroup Global Markets Limited,"Citigroup Centre, Canada Square, Canary Wharf, London E14 5LB , UK",,,,0.0238,14322400,143224.0,2025-06-18,0.0256,
2025-06-23,3350,Metaplanet Inc.,Jefferies International Limited,"100 Bishopsgate, London EC2N 4JL, United Kingdom",,,,0.005,3062600,30626.0,2025-06-13,0.0041,
2025-06-23,3350,Metaplanet Inc.,MERRILL LYNCH INTERNATIONAL,"2 KING EDWARD STREET, LONDON, EC1A 1HQ",,,,0.006,3609725,36097.0,2025-06-19,0.0025,
2025-06-23,3350,Metaplanet Inc.,モルガン・スタンレーMUFG証券株式会社,東京都千代田区大手町一丁目９番７号大手町フィナンシャルシティサウスタワー,,,,0.0253,15205884,152058.0,2025-06-20,0.0287,
2025-06-23,3350,Metaplanet Inc.,Barclays Capital Securities Ltd,"1 Churchill Place, London, E14 5HP, United Kingdom",,,,0.0296,17797688,177976.0,2025-06-20,0.028300000000000002,
2025-06-20,3350,Metaplanet Inc.,Barclays Capital Securities Ltd,"1 Churchill Place, London, E14 5HP, United Kingdom",,,,0.028300000000000002,17021088,170210.0,2025-06-19,0.0263,
2025-06-20,3350,Metaplanet Inc.,GOLDMAN SACHS INTERNATIONAL,Plumtree Court 25 Shoe Lane London,,,,0.0121,7287568,72875.0,2025-06-19,0.011699999999999999,顧客取引に係るヘッジポジション及びETFの場合は当該ETFの設定を伴う空売りを含む
2025-06-20,3350,Metaplanet Inc.,モルガン・スタンレーMUFG証券株式会社,東京都千代田区大手町一丁目９番７号大手町フィナンシャルシティサウスタワー,,,,0.0287,14363216,143632.0,2025-06-19,0.0253,
2025-06-19,3350,Metaplanet Inc.,Barclays Capital Securities Ltd,"1 Churchill Place, London, E14 5HP, United Kingdom",,,,0.0263,15856388,158563.0,2025-06-18,0.0241,
2025-06-19,3350,Metaplanet Inc.,GOLDMAN SACHS INTERNATIONAL,Plumtree Court 25 Shoe Lane London,,,,0.011699999999999999,7037684,70376.0,2025-06-18,0.012,顧客取引に係るヘッジポジション及びETFの場合は当該ETFの設定を伴う空売りを含む
2025-06-19,3350,Metaplanet Inc.,モルガン・スタンレーMUFG証券株式会社,東京都千代田区大手町一丁目９番７号大手町フィナンシャルシティサウスタワー,,,,0.0253,12644618,126446.0,2025-06-17,0.0215,
2025-06-18,3350,Metaplanet Inc.,JPM Securities Japan Co Ltd.,"TOKYO BUILDING,7-3, MARUNOUCHI 2-CHOME, CHIYODA-KU, TOKYO, 1006432, JAPAN",,,,0.0113,6827610,68276.0,2025-06-13,0.006500000000000001,
2025-06-18,3350,Metaplanet Inc.,UBS AG,"Bahnhofstrasse 45, 8001 Zurich, Switzerland",,,,0.0055000000000000005,3351828,33518.0,2025-06-12,0.0040999999999999995,
2025-06-18,3350,Metaplanet Inc.,MERRILL LYNCH INTERNATIONAL,"2 KING EDWARD STREET, LONDON, EC1A 1HQ",,,,0.0008,433300,4333.0,2025-06-17,0.0064,
2025-06-18,3350,Metaplanet Inc.,GOLDMAN SACHS INTERNATIONAL,Plumtree Court 25 Shoe Lane London,,,,0.012,7248084,72480.0,2025-06-17,0.011000000000000001,顧客取引に係るヘッジポジション及びETFの場合は当該ETFの設定を伴う空売りを含む
2025-06-18,3350,Metaplanet Inc.,Barclays Capital Securities Ltd,"1 Churchill Place, London, E14 5HP, United Kingdom",,,,0.0241,14517888,145178.0,2025-06-17,0.0218,
2025-06-18,3350,Metaplanet Inc.,Citigroup Global Markets Limited,"Citigroup Centre, Canada Square, Canary Wharf, London E14 5LB , UK",,,,0.0256,15422400,154224.0,2025-06-04,0.0272,
2025-06-17,3350,Metaplanet Inc.,Barclays Capital Securities Ltd,"1 Churchill Place, London, E14 5HP, United Kingdom",,,,0.0218,13104788,131047.0,2025-06-13,0.022000000000000002,
2025-06-17,3350,Metaplanet Inc.,Evo Fund,"One Nexus Way, Camana Bay, Grand Cayman KY1-9005, Cayman Islands","Evolution Japan Securities Co., Ltd.","New Otani Garden Court 12F, Kioicho 4-1, Chiyoda-ku , Tokyo 102-0094",Evo Fund,0.0499,30000000,300000.0,2025-06-11,0.0434,
2025-06-17,3350,Metaplanet Inc.,GOLDMAN SACHS INTERNATIONAL,Plumtree Court 25 Shoe Lane London,,,,0.011000000000000001,6667641,66676.0,2025-06-13,0.0109,顧客取引に係るヘッジポジション及びETFの場合は当該ETFの設定を伴う空売りを含む
2025-06-17,3350,Metaplanet Inc.,MERRILL LYNCH INTERNATIONAL,"2 KING EDWARD STREET, LONDON, EC1A 1HQ",,,,0.0064,3225000,32250.0,2025-06-16,0.0067,
2025-06-17,3350,Metaplanet Inc.,モルガン・スタンレーMUFG証券株式会社,東京都千代田区大手町一丁目９番７号大手町フィナンシャルシティサウスタワー,,,,0.0215,10737818,107378.0,2025-06-16,0.0175,
2025-06-16,3350,Metaplanet Inc.,MERRILL LYNCH INTERNATIONAL,"2 KING EDWARD STREET, LONDON, EC1A 1HQ",,,,0.0067,3392600,33926.0,2025-06-13,0.0105,
2025-06-16,3350,Metaplanet Inc.,モルガン・スタンレーMUFG証券株式会社,東京都千代田区大手町一丁目９番７号大手町フィナンシャルシティサウスタワー,,,,0.0175,8759518,87595.0,2025-06-13,0.019299999999999998,
2025-06-13,3350,Metaplanet Inc.,Barclays Capital Securities Ltd,"1 Churchill Place, London, E14 5HP, United Kingdom",,,,0.022000000000000002,13265088,132650.0,2025-06-12,0.0192,
2025-06-13,3350,Metaplanet Inc.,GOLDMAN SACHS INTERNATIONAL,Plumtree Court 25 Shoe Lane London,,,,0.0109,6584483,65844.0,2025-06-11,0.0116,顧客取引に係るヘッジポジション及びETFの場合は当該ETFの設定を伴う空売りを含む
2025-06-13,3350,Metaplanet Inc.,JPM Securities Japan Co Ltd.,"TOKYO BUILDING,7-3, MARUNOUCHI 2-CHOME, CHIYODA-KU, TOKYO, 1006432, JAPAN",,,,0.006500000000000001,3934305,39343.0,2025-06-12,0.0059,
2025-06-13,3350,Metaplanet Inc.,MERRILL LYNCH INTERNATIONAL,"2 KING EDWARD STREET, LONDON, EC1A 1HQ",,,,0.0105,5265700,52657.0,2025-06-12,0.0106,
2025-06-13,3350,Metaplanet Inc.,モルガン・スタンレーMUFG証券株式会社,東京都千代田区大手町一丁目９番７号大手町フィナンシャルシティサウスタワー,,,,0.019299999999999998,9652618,96526.0,2025-06-12,0.0159,
2025-06-12,3350,Metaplanet Inc.,UBS AG,"Bahnhofstrasse 45, 8001 Zurich, Switzerland",,,,0.0040999999999999995,2471528,24715.0,2025-06-11,0.005600000000000001,
2025-06-12,3350,Metaplanet Inc.,モルガン・スタンレーMUFG証券株式会社,東京都千代田区大手町一丁目９番７号大手町フィナンシャルシティサウスタワー,,,,0.0159,7960818,79608.0,2025-06-11,0.0184,
2025-06-12,3350,Metaplanet Inc.,MERRILL LYNCH INTERNATIONAL,"2 KING EDWARD STREET, LONDON, EC1A 1HQ",,,,0.0106,5321700,53217.0,2025-06-10,0.013,
2025-06-12,3350,Metaplanet Inc.,JPM Securities Japan Co Ltd.,"TOKYO BUILDING,7-3, MARUNOUCHI 2-CHOME, CHIYODA-KU, TOKYO, 1006432, JAPAN",,,,0.0059,3552705,35527.0,2025-06-10,0.0060999999999999995,
2025-06-12,3350,Metaplanet Inc.,Barclays Capital Securities Ltd,"1 Churchill Place, London, E14 5HP, United Kingdom",,,,0.0192,11576788,115767.0,2025-06-11,0.021,
2025-06-11,3350,Metaplanet Inc.,Barclays Capital Securities Ltd,"1 Churchill Place, London, E14 5HP, United Kingdom",,,,0.021,12634988,126349.0,2025-06-10,0.0206,
2025-06-11,3350,Metaplanet Inc.,GOLDMAN SACHS INTERNATIONAL,Plumtree Court 25 Shoe Lane London,,,,0.0116,7014738,70147.0,2025-06-05,0.012,顧客取引に係るヘッジポジション及びETFの場合は当該ETFの設定を伴う空売りを含む
2025-06-11,3350,Metaplanet Inc.,UBS AG,"Bahnhofstrasse 45, 8001 Zurich, Switzerland",,,,0.005600000000000001,3412378,34123.0,2025-06-10,0.0060999999999999995,
2025-06-11,3350,Metaplanet Inc.,Evo Fund,"One Nexus Way, Camana Bay, Grand Cayman KY1-9005, Cayman Islands","Evolution Japan Securities Co., Ltd.","New Otani Garden Court 12F, Kioicho 4-1, Chiyoda-ku , Tokyo 102-0094",Evo Fund,0.0434,26042500,260425.0,2025-06-10,0.0375,
2025-06-11,3350,Metaplanet Inc.,モルガン・スタンレーMUFG証券株式会社,東京都千代田区大手町一丁目９番７号大手町フィナンシャルシティサウスタワー,,,,0.0184,9195818,91958.0,2025-06-10,0.0173,
2025-06-10,3350,Metaplanet Inc.,Barclays Capital Securities Ltd,"1 Churchill Place, London, E14 5HP, United Kingdom",,,,0.0206,12382958,123829.0,2025-06-09,0.015600000000000001,
2025-06-10,3350,Metaplanet Inc.,Evo Fund,"One Nexus Way, Camana Bay, Grand Cayman KY1-9005, Cayman Islands","Evolution Japan Securities Co., Ltd.","New Otani Garden Court 12F, Kioicho 4-1, Chiyoda-ku , Tokyo 102-0094",Evo Fund,0.0375,22512700,225127.0,2025-06-09,0.0222,
2025-06-10,3350,Metaplanet Inc.,JPM Securities Japan Co Ltd.,"TOKYO BUILDING,7-3, MARUNOUCHI 2-CHOME, CHIYODA-KU, TOKYO, 1006432, JAPAN",,,,0.0060999999999999995,3682316,36823.0,2025-05-29,0.0051,
2025-06-10,3350,Metaplanet Inc.,MERRILL LYNCH INTERNATIONAL,"2 KING EDWARD STREET, LONDON, EC1A 1HQ",,,,0.013,6514850,65148.0,2025-06-09,0.0121,
2025-06-10,3350,Metaplanet Inc.,UBS AG,"Bahnhofstrasse 45, 8001 Zurich, Switzerland",,,,0.0060999999999999995,3671878,36718.0,2025-06-09,0.0058,
2025-06-10,3350,Metaplanet Inc.,モルガン・スタンレーMUFG証券株式会社,東京都千代田区大手町一丁目９番７号大手町フィナンシャルシティサウスタワー,,,,0.0173,8639718,86397.0,2025-06-09,0.0163,
2025-06-09,3350,Metaplanet Inc.,モルガン・スタンレーMUFG証券株式会社,東京都千代田区大手町一丁目９番７号大手町フィナンシャルシティサウスタワー,,,,0.0163,8157118,81571.0,2025-06-06,0.0191,
2025-06-09,3350,Metaplanet Inc.,UBS AG,"Bahnhofstrasse 45, 8001 Zurich, Switzerland",,,,0.0058,3536166,35361.0,2025-06-06,0.0060999999999999995,
2025-06-09,3350,Metaplanet Inc.,MERRILL LYNCH INTERNATIONAL,"2 KING EDWARD STREET, LONDON, EC1A 1HQ",,,,0.0121,6060262,60602.0,2025-06-06,0.0123,
2025-06-09,3350,Metaplanet Inc.,Evo Fund,"One Nexus Way, Camana Bay, Grand Cayman KY1-9005, Cayman Islands","Evolution Japan Securities Co., Ltd.","New Otani Garden Court 12F, Kioicho 4-1, Chiyoda-ku , Tokyo 102-0094",Evo Fund,0.0222,13334600,133346.0,,,
2025-06-09,3350,Metaplanet Inc.,Barclays Capital Securities Ltd,"1 Churchill Place, London, E14 5HP, United Kingdom",,,,0.015600000000000001,9381758,93817.0,2025-06-06,0.0172,
2025-06-06,3350,Metaplanet Inc.,モルガン・スタンレーMUFG証券株式会社,東京都千代田区大手町一丁目９番７号大手町フィナンシャルシティサウスタワー,,,,0.0191,9538318,95383.0,2025-06-05,0.0183,
2025-06-06,3350,Metaplanet Inc.,Barclays Capital Securities Ltd,"1 Churchill Place, London, E14 5HP, United Kingdom",,,,0.0172,10349258,103492.0,2025-06-05,0.0149,
2025-06-06,3350,Metaplanet Inc.,UBS AG,"Bahnhofstrasse 45, 8001 Zurich, Switzerland",,,,0.0060999999999999995,3702066,37020.0,2025-05-29,0.005,
2025-06-06,3350,Metaplanet Inc.,MERRILL LYNCH INTERNATIONAL,"2 KING EDWARD STREET, LONDON, EC1A 1HQ",,,,0.0123,6177562,61775.0,2025-06-05,0.011,
2025-06-05,3350,Metaplanet Inc.,GOLDMAN SACHS INTERNATIONAL,Plumtree Court 25 Shoe Lane London,,,,0.012,7236614,72366.0,2025-06-03,0.011699999999999999,顧客取引に係るヘッジポジション及びETFの場合は当該ETFの設定を伴う空売りを含む
2025-06-05,3350,Metaplanet Inc.,MERRILL LYNCH INTERNATIONAL,"2 KING EDWARD STREET, LONDON, EC1A 1HQ",,,,0.011,5506562,55065.0,2025-06-04,0.012,
2025-06-05,3350,Metaplanet Inc.,モルガン・スタンレーMUFG証券株式会社,東京都千代田区大手町一丁目９番７号大手町フィナンシャルシティサウスタワー,,,,0.0183,9176118,91761.0,2025-06-03,0.0213,
2025-06-05,3350,Metaplanet Inc.,Barclays Capital Securities Ltd,"1 Churchill Place, London, E14 5HP, United Kingdom",,,,0.0149,8991058,89910.0,2025-06-04,0.0166,
2025-06-04,3350,Metaplanet Inc.,Barclays Capital Securities Ltd,"1 Churchill Place, London, E14 5HP, United Kingdom",,,,0.0166,9997258,99972.0,2025-06-02,0.015300000000000001,
2025-06-04,3350,Metaplanet Inc.,Citigroup Global Markets Limited,"Citigroup Centre, Canada Square, Canary Wharf, London E14 5LB , UK",,,,0.0272,16384400,163844.0,2025-05-27,0.026,
2025-06-04,3350,Metaplanet Inc.,MERRILL LYNCH INTERNATIONAL,"2 KING EDWARD STREET, LONDON, EC1A 1HQ",,,,0.012,6027562,60275.0,2025-06-03,0.0099,
2025-06-03,3350,Metaplanet Inc.,MERRILL LYNCH INTERNATIONAL,"2 KING EDWARD STREET, LONDON, EC1A 1HQ",,,,0.0099,4975562,49755.0,2025-06-02,0.0102,
2025-06-03,3350,Metaplanet Inc.,モルガン・スタンレーMUFG証券株式会社,東京都千代田区大手町一丁目９番７号大手町フィナンシャルシティサウスタワー,,,,0.0213,10631598,106315.0,2025-05-30,0.0225,
2025-06-03,3350,Metaplanet Inc.,GOLDMAN SACHS INTERNATIONAL,Plumtree Court 25 Shoe Lane London,,,,0.011699999999999999,7032394,70323.0,2025-05-30,0.0126,顧客取引に係るヘッジポジション及びETFの場合は当該ETFの設定を伴う空売りを含む
2025-06-02,3350,Metaplanet Inc.,Barclays Capital Securities Ltd,"1 Churchill Place, London, E14 5HP, United Kingdom",,,,0.015300000000000001,9210158,92101.0,2025-05-30,0.011000000000000001,
2025-06-02,3350,Metaplanet Inc.,MERRILL LYNCH INTERNATIONAL,"2 KING EDWARD STREET, LONDON, EC1A 1HQ",,,,0.0102,5118862,51188.0,2025-05-30,0.0116,
2025-05-30,3350,Metaplanet Inc.,MERRILL LYNCH INTERNATIONAL,"2 KING EDWARD STREET, LONDON, EC1A 1HQ",,,,0.0116,5794262,57942.0,2025-05-29,0.011,
2025-05-30,3350,Metaplanet Inc.,モルガン・スタンレーMUFG証券株式会社,東京都千代田区大手町一丁目９番７号大手町フィナンシャルシティサウスタワー,,,,0.0225,11251848,112518.0,2025-05-29,0.02,
2025-05-30,3350,Metaplanet Inc.,GOLDMAN SACHS INTERNATIONAL,Plumtree Court 25 Shoe Lane London,,,,0.0126,7607294,76072.0,2025-05-29,0.0109,顧客取引に係るヘッジポジション及びETFの場合は当該ETFの設定を伴う空売りを含む
2025-05-30,3350,Metaplanet Inc.,Barclays Capital Securities Ltd,"1 Churchill Place, London, E14 5HP, United Kingdom",,,,0.011000000000000001,6611058,66110.0,2025-05-29,0.0108,
2025-05-29,3350,Metaplanet Inc.,Barclays Capital Securities Ltd,"1 Churchill Place, London, E14 5HP, United Kingdom",,,,0.0108,6525158,65251.0,2025-05-28,0.0088,
2025-05-29,3350,Metaplanet Inc.,GOLDMAN SACHS INTERNATIONAL,Plumtree Court 25 Shoe Lane London,,,,0.0109,6563159,65631.0,2025-05-23,0.008100000000000001,顧客取引に係るヘッジポジション及びETFの場合は当該ETFの設定を伴う空売りを含む
2025-05-29,3350,Metaplanet Inc.,JPM Securities Japan Co Ltd.,"TOKYO BUILDING,7-3, MARUNOUCHI 2-CHOME, CHIYODA-KU, TOKYO, 1006432, JAPAN",,,,0.0051,3082775,30827.0,2025-05-23,0.0044,
2025-05-29,3350,Metaplanet Inc.,UBS AG,"Bahnhofstrasse 45, 8001 Zurich, Switzerland",,,,0.005,3026928,30269.0,2025-05-28,0.004699999999999999,
2025-05-29,3350,Metaplanet Inc.,モルガン・スタンレーMUFG証券株式会社,東京都千代田区大手町一丁目９番７号大手町フィナンシャルシティサウスタワー,,,,0.02,10010698,100106.0,2025-05-28,0.0196,
2025-05-29,3350,Metaplanet Inc.,MERRILL LYNCH INTERNATIONAL,"2 KING EDWARD STREET, LONDON, EC1A 1HQ",,,,0.011,5490062,54900.0,2025-05-28,0.0106,
2025-05-28,3350,Metaplanet Inc.,Barclays Capital Securities Ltd,"1 Churchill Place,
London, E14 5HP, United Kingdom",,,,0.0088,5337258,53372.0,2025-05-27,0.0074,
2025-05-28,3350,Metaplanet Inc.,MERRILL LYNCH INTERNATIONAL,"2 KING EDWARD STREET, LONDON, EC1A 1HQ",,,,0.0106,5327962,53279.0,2025-05-27,0.0085,
2025-05-28,3350,Metaplanet Inc.,UBS AG,"Bahnhofstrasse 45, 8001 Zurich, Switzerland",,,,0.004699999999999999,2835288,28352.0,2025-05-23,0.0051,
2025-05-28,3350,Metaplanet Inc.,モルガン・スタンレーMUFG証券株式会社,東京都千代田区大手町一丁目９番７号大手町フィナンシャルシティサウスタワー,,,,0.0196,9826648,98266.0,2025-05-27,0.0165,
2025-05-27,3350,Metaplanet Inc.,MERRILL LYNCH INTERNATIONAL,"2 KING EDWARD STREET, LONDON, EC1A 1HQ",,,,0.0085,4283062,42830.0,2025-05-26,0.0078,
2025-05-27,3350,Metaplanet Inc.,モルガン・スタンレーMUFG証券株式会社,東京都千代田区大手町一丁目９番７号大手町フィナンシャルシティサウスタワー,,,,0.0165,8256498,82564.0,2025-05-26,0.0159,
2025-05-27,3350,Metaplanet Inc.,"JANE STREET CAPITAL, LLC","250 Vesey Street, New York, NY, 10281",,,,0.0042,2523475,25234.0,2025-05-26,0.0060999999999999995,
2025-05-27,3350,Metaplanet Inc.,Citigroup Global Markets Limited,"Citigroup Centre, Canada Square, Canary Wharf, London E14 5LB , UK",,,,0.026,15634900,156349.0,2025-05-21,0.0239,
2025-05-27,3350,Metaplanet Inc.,Barclays Capital Securities Ltd,"5 The North Colonnade, Canary Wharf
London E14 4BB, United Kingdom",,,,0.0074,4454648,44546.0,2025-05-26,0.0055000000000000005,
2025-05-26,3350,Metaplanet Inc.,"JANE STREET CAPITAL, LLC","250 Vesey Street, New York, NY, 10281",,,,0.0060999999999999995,3673286,36732.0,2025-05-23,0.0101,
2025-05-26,3350,Metaplanet Inc.,MERRILL LYNCH INTERNATIONAL,"2 KING EDWARD STREET, LONDON, EC1A 1HQ",,,,0.0078,3933562,39335.0,2025-05-23,0.0072,
2025-05-26,3350,Metaplanet Inc.,モルガン・スタンレーMUFG証券株式会社,東京都千代田区大手町一丁目９番７号大手町フィナンシャルシティサウスタワー,,,,0.0159,7966598,79665.0,2025-05-23,0.016200000000000003,
2025-05-26,3350,Metaplanet Inc.,Barclays Capital Securities Ltd,"5 The North Colonnade, Canary Wharf
London E14 4BB, United Kingdom",,,,0.0055000000000000005,3359748,33597.0,2025-05-23,0.0068000000000000005,
2025-05-23,3350,Metaplanet Inc.,モルガン・スタンレーMUFG証券株式会社,東京都千代田区大手町一丁目９番７号大手町フィナンシャルシティサウスタワー,,,,0.016200000000000003,8134698,81346.0,2025-05-22,0.0158,
2025-05-23,3350,Metaplanet Inc.,Barclays Capital Securities Ltd,"5 The North Colonnade, Canary Wharf
London E14 4BB, United Kingdom",,,,0.0068000000000000005,4123248,41232.0,2025-05-21,0.0036,
2025-05-23,3350,Metaplanet Inc.,GOLDMAN SACHS INTERNATIONAL,Plumtree Court 25 Shoe Lane London,,,,0.008100000000000001,4878651,48786.0,2025-05-14,0.010700000000000001,顧客取引に係るヘッジポジション及びETFの場合は当該ETFの設定を伴う空売りを含む
2025-05-23,3350,Metaplanet Inc.,"JANE STREET CAPITAL, LLC","250 Vesey Street, New York, NY, 10281",,,,0.0101,6072286,60722.0,2025-05-22,0.0097,
2025-05-23,3350,Metaplanet Inc.,MERRILL LYNCH INTERNATIONAL,"2 KING EDWARD STREET, LONDON, EC1A 1HQ",,,,0.0072,3606350,36063.0,2025-05-20,0.0054,
2025-05-23,3350,Metaplanet Inc.,Nomura Asset Management Singapore Limited,"10 Marina Boulevard, Marina Bay Financial Centre Tower 2, #33-03, Singapore 018983",Global Funds Trust Company,"PO Box 309, Ugland House, Grand Cayman, KY1-1104, Cayman Islands",,0.002,1222800,12228.0,2025-05-02,0.0059,
2025-05-23,3350,Metaplanet Inc.,UBS AG,"Bahnhofstrasse 45, 8001 Zurich, Switzerland",,,,0.0051,3090400,30904.0,2025-05-20,0.0044,
2025-05-22,3350,Metaplanet Inc.,モルガン・スタンレーMUFG証券株式会社,東京都千代田区大手町一丁目９番７号大手町フィナンシャルシティサウスタワー,,,,0.0158,7924398,79243.0,2025-05-21,0.0149,
2025-05-22,3350,Metaplanet Inc.,"JANE STREET CAPITAL, LLC","250 Vesey Street, New York, NY, 10281",,,,0.0097,5873685,58736.0,2025-05-21,0.0040999999999999995,
2025-05-21,3350,Metaplanet Inc.,Citigroup Global Markets Limited,"Citigroup Centre, Canada Square, Canary Wharf, London E14 5LB , UK",,,,0.0239,14377600,143776.0,2025-05-15,0.0246,
2025-05-21,3350,Metaplanet Inc.,モルガン・スタンレーMUFG証券株式会社,東京都千代田区大手町一丁目９番７号大手町フィナンシャルシティサウスタワー,,,,0.0149,7466798,74667.0,2025-05-19,0.0183,
2025-05-21,3350,Metaplanet Inc.,"JANE STREET CAPITAL, LLC","250 Vesey Street, New York, NY, 10281",,,,0.0040999999999999995,2503469,25034.0,2025-05-19,0.0052,
2025-05-20,3350,Metaplanet Inc.,MERRILL LYNCH INTERNATIONAL,"2 KING EDWARD STREET, LONDON, EC1A 1HQ",,,,0.0054,2717150,27171.0,2025-05-19,0.0051,
2025-05-20,3350,Metaplanet Inc.,UBS AG,"Bahnhofstrasse 45, 8001 Zurich, Switzerland",,,,0.0044,2677200,26772.0,2025-05-16,0.0055000000000000005,
2025-05-19,3350,Metaplanet Inc.,モルガン・スタンレーMUFG証券株式会社,東京都千代田区大手町一丁目９番７号大手町フィナンシャルシティサウスタワー,,,,0.0183,8421398,84213.0,2025-05-16,0.0191,
2025-05-19,3350,Metaplanet Inc.,"JANE STREET CAPITAL, LLC","250 Vesey Street, New York, NY, 10281",,,,0.0052,3088782,30887.0,2025-05-16,0.0033,
2025-05-19,3350,Metaplanet Inc.,MERRILL LYNCH INTERNATIONAL,"2 KING EDWARD STREET, LONDON, EC1A 1HQ",,,,0.0051,2346450,23464.0,2025-05-16,0.0077,
2025-05-16,3350,Metaplanet Inc.,モルガン・スタンレーMUFG証券株式会社,東京都千代田区大手町一丁目９番７号大手町フィナンシャルシティサウスタワー,,,,0.0191,8796751,87967.0,2025-05-15,0.022000000000000002,
2025-05-16,3350,Metaplanet Inc.,Nomura International plc,"1 Angel Lane, London, EC4R 3AB, United Kingdom",,,,0.0032,1893744,18937.0,2025-05-14,0.0051,
2025-05-16,3350,Metaplanet Inc.,UBS AG,"Bahnhofstrasse 45, 8001 Zurich, Switzerland",,,,0.0055000000000000005,3241600,32416.0,2025-05-13,0.0073,
2025-05-16,3350,Metaplanet Inc.,MERRILL LYNCH INTERNATIONAL,"2 KING EDWARD STREET, LONDON, EC1A 1HQ",,,,0.0077,3563450,35634.0,2025-05-15,0.0108,
2025-05-15,3350,Metaplanet Inc.,Citigroup Global Markets Limited,"Citigroup Centre, Canada Square, Canary Wharf, London E14 5LB , UK",,,,0.0246,14435400,144354.0,2025-05-14,0.0256,
2025-05-15,3350,Metaplanet Inc.,JPM Securities Japan Co Ltd.,"TOKYO BUILDING,7-3, MARUNOUCHI 2-CHOME, CHIYODA-KU, TOKYO, 1006432, JAPAN",,,,0.0043,2538596,25385.0,2025-05-13,0.0058,
2025-05-15,3350,Metaplanet Inc.,MERRILL LYNCH INTERNATIONAL,"2 KING EDWARD STREET, LONDON, EC1A 1HQ",,,,0.0108,4990750,49907.0,2025-05-14,0.0107,
2025-05-15,3350,Metaplanet Inc.,モルガン・スタンレーMUFG証券株式会社,東京都千代田区大手町一丁目９番７号大手町フィナンシャルシティサウスタワー,,,,0.022000000000000002,10141601,101416.0,2025-05-14,0.0216,
2025-05-14,3350,Metaplanet Inc.,モルガン・スタンレーMUFG証券株式会社,東京都千代田区大手町一丁目９番７号大手町フィナンシャルシティサウスタワー,,,,0.0216,9969821,99698.0,2025-05-13,0.0235,
2025-05-14,3350,Metaplanet Inc.,Nomura International plc,"1 Angel Lane, London, EC4R 3AB, United Kingdom",,,,0.0051,2901976,29019.0,2025-05-13,0.0038,
2025-05-14,3350,Metaplanet Inc.,MERRILL LYNCH INTERNATIONAL,"2 KING EDWARD STREET, LONDON, EC1A 1HQ",,,,0.0107,4957550,49575.0,2025-05-13,0.0106,
2025-05-14,3350,Metaplanet Inc.,Citigroup Global Markets Limited,"Citigroup Centre, Canada Square, Canary Wharf, London E14 5LB , UK",,,,0.0256,14468000,144680.0,2025-05-09,0.0279,
2025-05-14,3350,Metaplanet Inc.,GOLDMAN SACHS INTERNATIONAL,Plumtree Court 25 Shoe Lane London,,,,0.010700000000000001,6118327,61183.0,2025-05-13,0.011899999999999999,顧客取引に係るヘッジポジション及びETFの場合は当該ETFの設定を伴う空売りを含む
2025-05-13,3350,Metaplanet Inc.,GOLDMAN SACHS INTERNATIONAL,Plumtree Court 25 Shoe Lane London,,,,0.011899999999999999,6712627,67126.0,2025-05-12,0.0124,顧客取引に係るヘッジポジション及びETFの場合は当該ETFの設定を伴う空売りを含む
2025-05-13,3350,Metaplanet Inc.,"JANE STREET CAPITAL, LLC","250 Vesey Street, New York, NY, 10281",,,,0.0042,2310870,23108.0,2025-05-12,0.0063,
2025-05-13,3350,Metaplanet Inc.,JPM Securities Japan Co Ltd.,"TOKYO BUILDING,7-3, MARUNOUCHI 2-CHOME, CHIYODA-KU, TOKYO, 1006432, JAPAN",,,,0.0058,3274806,32748.0,2025-05-12,0.0073,
2025-05-13,3350,Metaplanet Inc.,MERRILL LYNCH INTERNATIONAL,"2 KING EDWARD STREET, LONDON, EC1A 1HQ",,,,0.0106,4899650,48996.0,2025-05-12,0.0096,
2025-05-13,3350,Metaplanet Inc.,UBS AG,"Bahnhofstrasse 45, 8001 Zurich, Switzerland",,,,0.0073,4159600,41596.0,2025-05-09,0.0053,
2025-05-13,3350,Metaplanet Inc.,モルガン・スタンレーMUFG証券株式会社,東京都千代田区大手町一丁目９番７号大手町フィナンシャルシティサウスタワー,,,,0.0235,10836921,108369.0,2025-05-12,0.0212,
2025-05-12,3350,Metaplanet Inc.,モルガン・スタンレーMUFG証券株式会社,東京都千代田区大手町一丁目９番７号大手町フィナンシャルシティサウスタワー,,,,0.0212,9758916,97589.0,2025-05-09,0.0241,
2025-05-12,3350,Metaplanet Inc.,GOLDMAN SACHS INTERNATIONAL,Plumtree Court 25 Shoe Lane London,,,,0.0124,6807896,68078.0,2025-05-09,0.013500000000000002,顧客取引に係るヘッジポジション及びETFの場合は当該ETFの設定を伴う空売りを含む
2025-05-12,3350,Metaplanet Inc.,"JANE STREET CAPITAL, LLC","250 Vesey Street, New York, NY, 10281",,,,0.0063,3485259,34852.0,,,
2025-05-12,3350,Metaplanet Inc.,JPM Securities Japan Co Ltd.,"TOKYO BUILDING,7-3, MARUNOUCHI 2-CHOME, CHIYODA-KU, TOKYO, 1006432, JAPAN",,,,0.0073,3993506,39935.0,2025-05-09,0.0087,
2025-05-12,3350,Metaplanet Inc.,MERRILL LYNCH INTERNATIONAL,"2 KING EDWARD STREET, LONDON, EC1A 1HQ",,,,0.0096,4453650,44536.0,2025-05-09,0.0109,
2025-05-09,3350,Metaplanet Inc.,モルガン・スタンレーMUFG証券株式会社,東京都千代田区大手町一丁目９番７号大手町フィナンシャルシティサウスタワー,,,,0.0241,11118016,111180.0,2025-05-08,0.0191,
2025-05-09,3350,Metaplanet Inc.,JPM Securities Japan Co Ltd.,"TOKYO BUILDING,7-3, MARUNOUCHI 2-CHOME, CHIYODA-KU, TOKYO, 1006432, JAPAN",,,,0.0087,4750906,47509.0,2025-05-08,0.0079,
2025-05-09,3350,Metaplanet Inc.,UBS AG,"Bahnhofstrasse 45, 8001 Zurich, Switzerland",,,,0.0053,2917600,29176.0,2025-05-08,0.0034999999999999996,
2025-05-09,3350,Metaplanet Inc.,MERRILL LYNCH INTERNATIONAL,"2 KING EDWARD STREET, LONDON, EC1A 1HQ",,,,0.0109,5026650,50266.0,2025-05-08,0.0096,
2025-05-09,3350,Metaplanet Inc.,GOLDMAN SACHS INTERNATIONAL,Plumtree Court 25 Shoe Lane London,,,,0.013500000000000002,7393086,73930.0,2025-05-08,0.0129,顧客取引に係るヘッジポジション及びETFの場合は当該ETFの設定を伴う空売りを含む
2025-05-09,3350,Metaplanet Inc.,Citigroup Global Markets Limited,"Citigroup Centre, Canada Square, Canary Wharf, London E14 5LB , UK",,,,0.0279,14993200,149932.0,2025-05-07,0.0287,
2025-05-08,3350,Metaplanet Inc.,GOLDMAN SACHS INTERNATIONAL,Plumtree Court 25 Shoe Lane London,,,,0.0129,6947205,69472.0,2025-05-07,0.0143,顧客取引に係るヘッジポジション及びETFの場合は当該ETFの設定を伴う空売りを含む
2025-05-08,3350,Metaplanet Inc.,JPM Securities Japan Co Ltd.,"TOKYO BUILDING,7-3, MARUNOUCHI 2-CHOME, CHIYODA-KU, TOKYO, 1006432, JAPAN",,,,0.0079,4281406,42814.0,2025-05-02,0.008199999999999999,
2025-05-08,3350,Metaplanet Inc.,MERRILL LYNCH INTERNATIONAL,"2 KING EDWARD STREET, LONDON, EC1A 1HQ",,,,0.0096,4460750,44607.0,2025-05-07,0.011,
2025-05-08,3350,Metaplanet Inc.,UBS AG,"Bahnhofstrasse 45, 8001 Zurich, Switzerland",,,,0.0034999999999999996,1911100,19111.0,2025-05-07,0.0072,
2025-05-08,3350,Metaplanet Inc.,モルガン・スタンレーMUFG証券株式会社,東京都千代田区大手町一丁目９番７号大手町フィナンシャルシティサウスタワー,,,,0.0191,8808916,88089.0,2025-05-07,0.0223,
2025-05-07,3350,Metaplanet Inc.,モルガン・スタンレーMUFG証券株式会社,東京都千代田区大手町一丁目９番７号大手町フィナンシャルシティサウスタワー,,,,0.0223,10275916,102759.0,2025-05-02,0.0204,
2025-05-07,3350,Metaplanet Inc.,Citigroup Global Markets Limited,"Citigroup Centre, Canada Square, Canary Wharf, London E14 5LB , UK",,,,0.0287,14367800,143678.0,2025-04-30,0.026,
2025-05-07,3350,Metaplanet Inc.,GOLDMAN SACHS INTERNATIONAL,Plumtree Court 25 Shoe Lane London,,,,0.0143,7426345,74263.0,2025-05-02,0.0159,顧客取引に係るヘッジポジション及びETFの場合は当該ETFの設定を伴う空売りを含む
2025-05-07,3350,Metaplanet Inc.,MERRILL LYNCH INTERNATIONAL,"2 KING EDWARD STREET, LONDON, EC1A 1HQ",,,,0.011,5083150,50831.0,2025-05-02,0.0094,
2025-05-07,3350,Metaplanet Inc.,UBS AG,"Bahnhofstrasse 45, 8001 Zurich, Switzerland",,,,0.0072,3764300,37643.0,2025-05-02,0.01,
2025-05-02,3350,Metaplanet Inc.,モルガン・スタンレーMUFG証券株式会社,東京都千代田区大手町一丁目９番７号大手町フィナンシャルシティサウスタワー,,,,0.0204,9420716,94207.0,2025-04-30,0.022099999999999998,
2025-05-02,3350,Metaplanet Inc.,Nomura International plc,"1 Angel Lane, London, EC4R 3AB, United Kingdom",,,,0.0037,1876755,18767.0,2025-05-01,0.005600000000000001,
2025-05-02,3350,Metaplanet Inc.,JPM Securities Japan Co Ltd.,"TOKYO BUILDING,7-3, MARUNOUCHI 2-CHOME, CHIYODA-KU, TOKYO, 1006432, JAPAN",,,,0.008199999999999999,4124856,41248.0,2025-04-30,0.0078000000000000005,
2025-05-02,3350,Metaplanet Inc.,Nomura Asset Management Singapore Limited,"10 Marina Boulevard, Marina Bay Financial Centre Tower 2, #33-03, Singapore 018983",Global Funds Trust Company,"PO Box 309, Ugland House, Grand Cayman, KY1-1104, Cayman Islands",,0.0059,2973100,29731.0,2025-03-28,0.0069,
2025-05-02,3350,Metaplanet Inc.,UBS AG,"Bahnhofstrasse 45, 8001 Zurich, Switzerland",,,,0.01,5037200,50372.0,2025-05-01,0.0129,
2025-05-02,3350,Metaplanet Inc.,GOLDMAN SACHS INTERNATIONAL,Plumtree Court 25 Shoe Lane London,,,,0.0159,7947315,79473.0,2025-05-01,0.0161,顧客取引に係るヘッジポジション及びETFの場合は当該ETFの設定を伴う空売りを含む
2025-05-02,3350,Metaplanet Inc.,MERRILL LYNCH INTERNATIONAL,"2 KING EDWARD STREET, LONDON, EC1A 1HQ",,,,0.0094,4333450,43334.0,2025-05-01,0.01,
2025-05-01,3350,Metaplanet Inc.,GOLDMAN SACHS INTERNATIONAL,Plumtree Court 25 Shoe Lane London,,,,0.0161,8036215,80362.0,2025-04-30,0.0146,顧客取引に係るヘッジポジション及びETFの場合は当該ETFの設定を伴う空売りを含む
2025-05-01,3350,Metaplanet Inc.,Nomura International plc,"1 Angel Lane, London, EC4R 3AB, United Kingdom",,,,0.005600000000000001,2813740,28137.0,2025-04-30,0.0019,
2025-05-01,3350,Metaplanet Inc.,UBS AG,"Bahnhofstrasse 45, 8001 Zurich, Switzerland",,,,0.0129,6459800,64598.0,2025-04-30,0.014499999999999999,
2025-05-01,3350,Metaplanet Inc.,MERRILL LYNCH INTERNATIONAL,"2 KING EDWARD STREET, LONDON, EC1A 1HQ",,,,0.01,4643650,46436.0,2025-04-30,0.0075,
2025-04-30,3350,Metaplanet Inc.,Citigroup Global Markets Limited,"Citigroup Centre, Canada Square, Canary Wharf, London E14 5LB , UK",,,,0.026,12919200,129192.0,2025-04-22,0.003,
2025-04-30,3350,Metaplanet Inc.,GOLDMAN SACHS INTERNATIONAL,Plumtree Court 25 Shoe Lane London,,,,0.0146,7304680,73046.0,2025-04-24,0.024300000000000002,顧客取引に係るヘッジポジション及びETFの場合は当該ETFの設定を伴う空売りを含む
2025-04-30,3350,Metaplanet Inc.,JPM Securities Japan Co Ltd.,"TOKYO BUILDING,7-3, MARUNOUCHI 2-CHOME, CHIYODA-KU, TOKYO, 1006432, JAPAN",,,,0.0078000000000000005,3876756,38767.0,2025-04-25,0.0084,
2025-04-30,3350,Metaplanet Inc.,MERRILL LYNCH INTERNATIONAL,"2 KING EDWARD STREET, LONDON, EC1A 1HQ",,,,0.0075,3478950,34789.0,2025-04-28,0.0106,
2025-04-30,3350,Metaplanet Inc.,Nomura International plc,"1 Angel Lane, London, EC4R 3AB, United Kingdom",,,,0.0019,981432,9814.0,2025-04-28,0.0089,Below the threshold
2025-04-30,3350,Metaplanet Inc.,UBS AG,"Bahnhofstrasse 45, 8001 Zurich, Switzerland",,,,0.014499999999999999,7212700,72127.0,2025-04-28,0.032799999999999996,
2025-04-30,3350,Metaplanet Inc.,モルガン・スタンレーMUFG証券株式会社,東京都千代田区大手町一丁目９番７号大手町フィナンシャルシティサウスタワー,,,,0.022099999999999998,10167816,101678.0,2025-04-28,0.0291,
2025-04-28,3350,Metaplanet Inc.,Nomura International plc,"1 Angel Lane, London, EC4R 3AB, United Kingdom",,,,0.0089,4451877,44518.0,2025-04-25,0.0106,
2025-04-28,3350,Metaplanet Inc.,モルガン・スタンレーMUFG証券株式会社,東京都千代田区大手町一丁目９番７号大手町フィナンシャルシティサウスタワー,,,,0.0291,13411531,134115.0,2025-04-24,0.030299999999999997,
2025-04-28,3350,Metaplanet Inc.,UBS AG,"Bahnhofstrasse 45, 8001 Zurich, Switzerland",,,,0.032799999999999996,16320800,163208.0,2025-04-25,0.0335,
2025-04-28,3350,Metaplanet Inc.,MERRILL LYNCH INTERNATIONAL,"2 KING EDWARD STREET, LONDON, EC1A 1HQ",,,,0.0106,4889850,48898.0,2025-04-25,0.011,
2025-04-25,3350,Metaplanet Inc.,Nomura International plc,"1 Angel Lane, London, EC4R 3AB, United Kingdom",,,,0.0106,5275012,52750.0,2025-04-24,0.0086,
2025-04-25,3350,Metaplanet Inc.,UBS AG,"Bahnhofstrasse 45, 8001 Zurich, Switzerland",,,,0.0335,16630900,166309.0,2025-04-24,0.029500000000000002,
2025-04-25,3350,Metaplanet Inc.,MERRILL LYNCH INTERNATIONAL,"2 KING EDWARD STREET, LONDON, EC1A 1HQ",,,,0.011,5104250,51042.0,2025-04-24,0.0104,
2025-04-25,3350,Metaplanet Inc.,JPM Securities Japan Co Ltd.,"TOKYO BUILDING,7-3, MARUNOUCHI 2-CHOME, CHIYODA-KU, TOKYO, 1006432, JAPAN",,,,0.0084,4208656,42086.0,2025-04-23,0.0064,
2025-04-24,3350,Metaplanet Inc.,GOLDMAN SACHS INTERNATIONAL,Plumtree Court 25 Shoe Lane London,,,,0.024300000000000002,12168365,121683.0,2025-04-15,0.023399999999999997,顧客取引に係るヘッジポジション及びETFの場合は当該ETFの設定を伴う空売りを含む
2025-04-24,3350,Metaplanet Inc.,MERRILL LYNCH INTERNATIONAL,"2 KING EDWARD STREET, LONDON, EC1A 1HQ",,,,0.0104,4795550,47955.0,2025-04-23,0.0083,
2025-04-24,3350,Metaplanet Inc.,Nomura International plc,"1 Angel Lane, London, EC4R 3AB, United Kingdom",,,,0.0086,4310820,43108.0,2025-04-23,0.0046,
2025-04-24,3350,Metaplanet Inc.,UBS AG,"Bahnhofstrasse 45, 8001 Zurich, Switzerland",,,,0.029500000000000002,14641300,146413.0,2025-04-23,0.0278,
2025-04-24,3350,Metaplanet Inc.,モルガン・スタンレーMUFG証券株式会社,東京都千代田区大手町一丁目９番７号大手町フィナンシャルシティサウスタワー,,,,0.030299999999999997,13972131,139721.0,2025-04-23,0.0274,
2025-04-23,3350,Metaplanet Inc.,UBS AG,"Bahnhofstrasse 45, 8001 Zurich, Switzerland",,,,0.0278,13610500,136105.0,2025-04-22,0.029500000000000002,
2025-04-23,3350,Metaplanet Inc.,モルガン・スタンレーMUFG証券株式会社,東京都千代田区大手町一丁目９番７号大手町フィナンシャルシティサウスタワー,,,,0.0274,12624231,126242.0,2025-04-22,0.029500000000000002,
2025-04-23,3350,Metaplanet Inc.,Nomura International plc,"1 Angel Lane, London, EC4R 3AB, United Kingdom",,,,0.0046,2283065,22830.0,2025-04-22,0.0097,
2025-04-23,3350,Metaplanet Inc.,JPM Securities Japan Co Ltd.,"TOKYO BUILDING,7-3, MARUNOUCHI 2-CHOME, CHIYODA-KU, TOKYO, 1006432, JAPAN",,,,0.0064,3144396,31443.0,2025-04-22,0.0072,
2025-04-23,3350,Metaplanet Inc.,MERRILL LYNCH INTERNATIONAL,"2 KING EDWARD STREET, LONDON, EC1A 1HQ",,,,0.0083,3845450,38454.0,2025-04-22,0.011,
2025-04-22,3350,Metaplanet Inc.,JPM Securities Japan Co Ltd.,"TOKYO BUILDING,7-3, MARUNOUCHI 2-CHOME, CHIYODA-KU, TOKYO, 1006432, JAPAN",,,,0.0072,3551574,35515.0,2025-04-18,0.0054,
2025-04-22,3350,Metaplanet Inc.,MERRILL LYNCH INTERNATIONAL,"2 KING EDWARD STREET, LONDON, EC1A 1HQ",,,,0.011,5097650,50976.0,2025-04-21,0.0111,
2025-04-22,3350,Metaplanet Inc.,Nomura International plc,"1 Angel Lane, London, EC4R 3AB, United Kingdom",,,,0.0097,4778525,47785.0,2025-04-21,0.0078000000000000005,
2025-04-22,3350,Metaplanet Inc.,UBS AG,"Bahnhofstrasse 45, 8001 Zurich, Switzerland",,,,0.029500000000000002,14454400,144544.0,2025-04-21,0.024,
2025-04-22,3350,Metaplanet Inc.,モルガン・スタンレーMUFG証券株式会社,東京都千代田区大手町一丁目９番７号大手町フィナンシャルシティサウスタワー,,,,0.029500000000000002,13596041,135960.0,2025-04-21,0.030899999999999997,
2025-04-21,3350,Metaplanet Inc.,MERRILL LYNCH INTERNATIONAL,"2 KING EDWARD STREET, LONDON, EC1A 1HQ",,,,0.0111,5114850,51148.0,2025-04-18,0.0109,
2025-04-21,3350,Metaplanet Inc.,Nomura International plc,"1 Angel Lane, London, EC4R 3AB, United Kingdom",,,,0.0078000000000000005,3855472,38554.0,2025-04-18,0.0063,
2025-04-21,3350,Metaplanet Inc.,UBS AG,"Bahnhofstrasse 45, 8001 Zurich, Switzerland",,,,0.024,11617100,116171.0,2025-04-18,0.0229,
2025-04-21,3350,Metaplanet Inc.,モルガン・スタンレーMUFG証券株式会社,東京都千代田区大手町一丁目９番７号大手町フィナンシャルシティサウスタワー,,,,0.030899999999999997,14229141,142291.0,2025-04-17,0.0296,
2025-04-18,3350,Metaplanet Inc.,UBS AG,"Bahnhofstrasse 45, 8001 Zurich, Switzerland",,,,0.0229,11227800,112278.0,2025-04-17,0.0218,
2025-04-18,3350,Metaplanet Inc.,JPM Securities Japan Co Ltd.,"TOKYO BUILDING,7-3, MARUNOUCHI 2-CHOME, CHIYODA-KU, TOKYO, 1006432, JAPAN",,,,0.0054,2675474,26754.0,2025-04-17,0.004699999999999999,
2025-04-18,3350,Metaplanet Inc.,Nomura International plc,"1 Angel Lane, London, EC4R 3AB, United Kingdom",,,,0.0063,3085067,30850.0,2025-04-17,0.0044,
2025-04-18,3350,Metaplanet Inc.,MERRILL LYNCH INTERNATIONAL,"2 KING EDWARD STREET, LONDON, EC1A 1HQ",,,,0.0109,5036250,50362.0,2025-04-17,0.0099,
2025-04-17,3350,Metaplanet Inc.,MERRILL LYNCH INTERNATIONAL,"2 KING EDWARD STREET, LONDON, EC1A 1HQ",,,,0.0099,4504850,45048.0,2025-04-16,0.0113,
2025-04-17,3350,Metaplanet Inc.,Nomura International plc,"1 Angel Lane, London, EC4R 3AB, United Kingdom",,,,0.0044,2155099,21550.0,2025-04-16,0.0073,
2025-04-17,3350,Metaplanet Inc.,UBS AG,"Bahnhofstrasse 45, 8001 Zurich, Switzerland",,,,0.0218,10551000,105510.0,2025-04-16,0.0232,
2025-04-17,3350,Metaplanet Inc.,モルガン・スタンレーMUFG証券株式会社,東京都千代田区大手町一丁目９番７号大手町フィナンシャルシティサウスタワー,,,,0.0296,13461041,134610.0,2025-04-16,0.0322,
2025-04-17,3350,Metaplanet Inc.,JPM Securities Japan Co Ltd.,"TOKYO BUILDING,7-3, MARUNOUCHI 2-CHOME, CHIYODA-KU, TOKYO, 1006432, JAPAN",,,,0.004699999999999999,2295474,22954.0,2025-04-16,0.0052,
2025-04-16,3350,Metaplanet Inc.,モルガン・スタンレーMUFG証券株式会社,東京都千代田区大手町一丁目９番７号大手町フィナンシャルシティサウスタワー,,,,0.0322,14659541,146595.0,2025-04-15,0.0316,
2025-04-16,3350,Metaplanet Inc.,JPM Securities Japan Co Ltd.,"TOKYO BUILDING,7-3, MARUNOUCHI 2-CHOME, CHIYODA-KU, TOKYO, 1006432, JAPAN",,,,0.0052,2563174,25631.0,2025-04-15,0.0042,
2025-04-16,3350,Metaplanet Inc.,MERRILL LYNCH INTERNATIONAL,"2 KING EDWARD STREET, LONDON, EC1A 1HQ",,,,0.0113,5133550,51335.0,2025-04-15,0.01,
2025-04-16,3350,Metaplanet Inc.,Nomura International plc,"1 Angel Lane, London, EC4R 3AB, United Kingdom",,,,0.0073,3558566,35585.0,2025-04-09,0.0043,
2025-04-16,3350,Metaplanet Inc.,UBS AG,"Bahnhofstrasse 45, 8001 Zurich, Switzerland",,,,0.0232,11230000,112300.0,2025-04-15,0.0207,
2025-04-15,3350,Metaplanet Inc.,モルガン・スタンレーMUFG証券株式会社,東京都千代田区大手町一丁目９番７号大手町フィナンシャルシティサウスタワー,,,,0.0316,14356200,143562.0,2025-04-14,0.0322,
2025-04-15,3350,Metaplanet Inc.,MERRILL LYNCH INTERNATIONAL,"2 KING EDWARD STREET, LONDON, EC1A 1HQ",,,,0.01,4579150,45791.0,2025-04-14,0.0095,
2025-04-15,3350,Metaplanet Inc.,UBS AG,"Bahnhofstrasse 45, 8001 Zurich, Switzerland",,,,0.0207,10049800,100498.0,2025-04-07,0.0197,
2025-04-15,3350,Metaplanet Inc.,GOLDMAN SACHS INTERNATIONAL,Plumtree Court 25 Shoe Lane London,,,,0.023399999999999997,11360365,113603.0,2025-04-14,0.0256,顧客取引に係るヘッジポジション及びETFの場合は当該ETFの設定を伴う空売りを含む
2025-04-14,3350,Metaplanet Inc.,GOLDMAN SACHS INTERNATIONAL,Plumtree Court 25 Shoe Lane London,,,,0.0256,12275417,122754.0,2025-04-11,0.0245,顧客取引に係るヘッジポジション及びETFの場合は当該ETFの設定を伴う空売りを含む
2025-04-14,3350,Metaplanet Inc.,Jefferies International Limited,"100 Bishopsgate, London EC2N 4JL, United Kingdom",,,,0.0025,1211300,12113.0,2025-04-11,0.0052,
2025-04-14,3350,Metaplanet Inc.,MERRILL LYNCH INTERNATIONAL,"2 KING EDWARD STREET, LONDON, EC1A 1HQ",,,,0.0095,4356750,43567.0,2025-04-11,0.0091,
2025-04-14,3350,Metaplanet Inc.,モルガン・スタンレーMUFG証券株式会社,東京都千代田区大手町一丁目９番７号大手町フィナンシャルシティサウスタワー,,,,0.0322,14639150,146391.0,2025-04-11,0.0335,
2025-04-11,3350,Metaplanet Inc.,GOLDMAN SACHS INTERNATIONAL,Plumtree Court 25 Shoe Lane London,,,,0.0245,11741917,117419.0,2025-04-10,0.023799999999999998,顧客取引に係るヘッジポジション及びETFの場合は当該ETFの設定を伴う空売りを含む
2025-04-11,3350,Metaplanet Inc.,Jefferies International Limited,"100 Bishopsgate, London EC2N 4JL, United Kingdom",,,,0.0052,2497300,24973.0,2025-04-10,0.0049,
2025-04-11,3350,Metaplanet Inc.,MERRILL LYNCH INTERNATIONAL,"2 KING EDWARD STREET, LONDON, EC1A 1HQ",,,,0.0091,4166150,41661.0,2025-04-10,0.0096,
2025-04-11,3350,Metaplanet Inc.,モルガン・スタンレーMUFG証券株式会社,東京都千代田区大手町一丁目９番７号大手町フィナンシャルシティサウスタワー,,,,0.0335,15226750,152267.0,2025-04-10,0.0347,
2025-04-10,3350,Metaplanet Inc.,モルガン・スタンレーMUFG証券株式会社,東京都千代田区大手町一丁目９番７号大手町フィナンシャルシティサウスタワー,,,,0.0347,15780050,157800.0,2025-04-08,0.0395,
2025-04-10,3350,Metaplanet Inc.,GOLDMAN SACHS INTERNATIONAL,Plumtree Court 25 Shoe Lane London,,,,0.023799999999999998,11416917,114169.0,2025-04-07,0.0222,顧客取引に係るヘッジポジション及びETFの場合は当該ETFの設定を伴う空売りを含む
2025-04-10,3350,Metaplanet Inc.,MERRILL LYNCH INTERNATIONAL,"2 KING EDWARD STREET, LONDON, EC1A 1HQ",,,,0.0096,4379350,43793.0,2025-04-09,0.0095,
2025-04-10,3350,Metaplanet Inc.,Jefferies International Limited,"100 Bishopsgate, London EC2N 4JL, United Kingdom",,,,0.0049,2373700,23737.0,2025-03-31,0.0051,
2025-04-09,3350,Metaplanet Inc.,MERRILL LYNCH INTERNATIONAL,"2 KING EDWARD STREET, LONDON, EC1A 1HQ",,,,0.0095,4327150,43271.0,2025-04-08,0.0105,
2025-04-08,3350,Metaplanet Inc.,MERRILL LYNCH INTERNATIONAL,"2 KING EDWARD STREET, LONDON, EC1A 1HQ",,,,0.0105,4263350,42633.0,2025-04-07,0.0107,
2025-04-08,3350,Metaplanet Inc.,モルガン・スタンレーMUFG証券株式会社,東京都千代田区大手町一丁目９番７号大手町フィナンシャルシティサウスタワー,,,,0.0395,15950850,159508.0,2025-04-07,0.042300000000000004,
2025-04-07,3350,Metaplanet Inc.,GOLDMAN SACHS INTERNATIONAL,Plumtree Court 25 Shoe Lane London,,,,0.0222,10363965,103639.0,2025-04-04,0.024300000000000002,顧客取引に係るヘッジポジション及びETFの場合は当該ETFの設定を伴う空売りを含む
2025-04-07,3350,Metaplanet Inc.,MERRILL LYNCH INTERNATIONAL,"2 KING EDWARD STREET, LONDON, EC1A 1HQ",,,,0.0107,4323150,43231.0,2025-04-04,0.0117,
2025-04-07,3350,Metaplanet Inc.,UBS AG,"Bahnhofstrasse 45, 8001 Zurich, Switzerland",,,,0.0197,9199100,91991.0,2025-04-04,0.021,
2025-04-07,3350,Metaplanet Inc.,モルガン・スタンレーMUFG証券株式会社,東京都千代田区大手町一丁目９番７号大手町フィナンシャルシティサウスタワー,,,,0.042300000000000004,17087750,170877.0,2025-04-04,0.0388,
2025-04-04,3350,Metaplanet Inc.,GOLDMAN SACHS INTERNATIONAL,Plumtree Court 25 Shoe Lane London,,,,0.024300000000000002,11365365,113653.0,2025-04-02,0.0258,顧客取引に係るヘッジポジション及びETFの場合は当該ETFの設定を伴う空売りを含む
2025-04-04,3350,Metaplanet Inc.,Nomura International plc,"1 Angel Lane, London, EC4R 3AB, United Kingdom",,,,0.0032,1532238,15322.0,2025-04-03,0.006500000000000001,
2025-04-04,3350,Metaplanet Inc.,UBS AG,"Bahnhofstrasse 45, 8001 Zurich, Switzerland",,,,0.021,9825900,98259.0,2025-03-28,0.0203,
2025-04-04,3350,Metaplanet Inc.,モルガン・スタンレーMUFG証券株式会社,東京都千代田区大手町一丁目９番７号大手町フィナンシャルシティサウスタワー,,,,0.0388,15669950,156699.0,2025-04-03,0.0366,
2025-04-04,3350,Metaplanet Inc.,MERRILL LYNCH INTERNATIONAL,"2 KING EDWARD STREET, LONDON, EC1A 1HQ",,,,0.0117,4749850,47498.0,2025-04-03,0.0123,
2025-04-03,3350,Metaplanet Inc.,モルガン・スタンレーMUFG証券株式会社,東京都千代田区大手町一丁目９番７号大手町フィナンシャルシティサウスタワー,,,,0.0366,14798350,147983.0,2025-04-02,0.0335,
2025-04-03,3350,Metaplanet Inc.,MERRILL LYNCH INTERNATIONAL,"2 KING EDWARD STREET, LONDON, EC1A 1HQ",,,,0.0123,4974350,49743.0,2025-04-02,0.0124,
2025-04-03,3350,Metaplanet Inc.,Nomura International plc,"1 Angel Lane, London, EC4R 3AB, United Kingdom",,,,0.006500000000000001,3044206,30442.0,2025-04-01,0.0043,
2025-04-02,3350,Metaplanet Inc.,モルガン・スタンレーMUFG証券株式会社,東京都千代田区大手町一丁目９番７号大手町フィナンシャルシティサウスタワー,,,,0.0335,13520150,135201.0,2025-04-01,0.0325,
2025-04-02,3350,Metaplanet Inc.,MERRILL LYNCH INTERNATIONAL,"2 KING EDWARD STREET, LONDON, EC1A 1HQ",,,,0.0124,5025350,50253.0,2025-04-01,0.0122,
2025-04-02,3350,Metaplanet Inc.,GOLDMAN SACHS INTERNATIONAL,Plumtree Court 25 Shoe Lane London,,,,0.0258,11872425,118724.0,2025-03-31,0.0265,顧客取引に係るヘッジポジション及びETFの場合は当該ETFの設定を伴う空売りを含む
2025-04-01,3350,Metaplanet Inc.,MERRILL LYNCH INTERNATIONAL,"2 KING EDWARD STREET, LONDON, EC1A 1HQ",,,,0.0122,4949850,49498.0,2025-03-31,0.0123,
2025-04-01,3350,Metaplanet Inc.,モルガン・スタンレーMUFG証券株式会社,東京都千代田区大手町一丁目９番７号大手町フィナンシャルシティサウスタワー,,,,0.0325,13124550,131245.0,2025-03-31,0.0753,
2025-03-31,3350,Metaplanet Inc.,GOLDMAN SACHS INTERNATIONAL,Plumtree Court 25 Shoe Lane London,,,,0.0265,12227025,122270.0,2025-03-28,0.027200000000000002,顧客取引に係るヘッジポジション及びETFの場合は当該ETFの設定を伴う空売りを含む
2025-03-31,3350,Metaplanet Inc.,Jefferies International Limited,"100 Bishopsgate, London EC2N 4JL, United Kingdom",,,,0.0051,2355200,23552.0,2025-03-03,0.0049,
2025-03-31,3350,Metaplanet Inc.,MERRILL LYNCH INTERNATIONAL,"2 KING EDWARD STREET, LONDON, EC1A 1HQ",,,,0.0123,4989350,49893.0,2025-03-28,0.0124,
2025-03-31,3350,Metaplanet Inc.,モルガン・スタンレーMUFG証券株式会社,東京都千代田区大手町一丁目９番７号大手町フィナンシャルシティサウスタワー,,,,0.0753,3037285,30372.0,2025-03-28,0.048600000000000004,
2025-03-28,3350,Metaplanet Inc.,GOLDMAN SACHS INTERNATIONAL,Plumtree Court 25 Shoe Lane London,,,,0.027200000000000002,12537025,125370.0,2025-03-19,0.028300000000000002,顧客取引に係るヘッジポジション及びETFの場合は当該ETFの設定を伴う空売りを含む
2025-03-28,3350,Metaplanet Inc.,MERRILL LYNCH INTERNATIONAL,"2 KING EDWARD STREET, LONDON, EC1A 1HQ",,,,0.0124,5014950,50149.0,,,
2025-03-28,3350,Metaplanet Inc.,Nomura Asset Management Singapore Limited,"10 Marina Boulevard, Marina Bay Financial Centre Tower 2, #33-03, Singapore 018983",Global Funds Trust Company,"PO Box 309, Ugland House, Grand Cayman, KY1-1104, Cayman Islands",,0.0069,3199000,31990.0,2025-03-05,0.0075,
2025-03-28,3350,Metaplanet Inc.,UBS AG,"Bahnhofstrasse 45, 8001 Zurich, Switzerland",,,,0.0203,9336500,93365.0,2025-03-27,0.021,
2025-03-28,3350,Metaplanet Inc.,モルガン・スタンレーMUFG証券株式会社,東京都千代田区大手町一丁目９番７号大手町フィナンシャルシティサウスタワー,,,,0.048600000000000004,1962985,19629.0,2025-03-25,0.0259,
2025-03-27,3350,Metaplanet Inc.,MERRILL LYNCH INTERNATIONAL,"2 KING EDWARD STREET, LONDON, EC1A 1HQ",,,,0.0012,492975,4929.0,2025-03-26,0.0108,
2025-03-27,3350,Metaplanet Inc.,UBS AG,"Bahnhofstrasse 45, 8001 Zurich, Switzerland",,,,0.021,965730,9657.0,2025-03-26,0.020499999999999997,
2025-03-26,3350,Metaplanet Inc.,MERRILL LYNCH INTERNATIONAL,"2 KING EDWARD STREET, LONDON, EC1A 1HQ",,,,0.0108,439375,4393.0,2025-03-25,0.0112,
2025-03-26,3350,Metaplanet Inc.,UBS AG,"Bahnhofstrasse 45, 8001 Zurich, Switzerland",,,,0.020499999999999997,932230,9322.0,2025-03-24,0.0215,
2025-03-25,3350,Metaplanet Inc.,モルガン・スタンレーMUFG証券株式会社,東京都千代田区大手町一丁目９番７号大手町フィナンシャルシティサウスタワー,,,,0.0259,1046985,10469.0,2025-03-24,0.0265,
2025-03-25,3350,Metaplanet Inc.,MERRILL LYNCH INTERNATIONAL,"2 KING EDWARD STREET, LONDON, EC1A 1HQ",,,,0.0112,451875,4518.0,2025-03-24,0.0108,
2025-03-24,3350,Metaplanet Inc.,MERRILL LYNCH INTERNATIONAL,"2 KING EDWARD STREET, LONDON, EC1A 1HQ",,,,0.0108,436805,4368.0,2025-03-21,0.0113,
2025-03-24,3350,Metaplanet Inc.,モルガン・スタンレーMUFG証券株式会社,東京都千代田区大手町一丁目９番７号大手町フィナンシャルシティサウスタワー,,,,0.0265,1070285,10702.0,2025-03-21,0.024900000000000002,
2025-03-24,3350,Metaplanet Inc.,UBS AG,"Bahnhofstrasse 45, 8001 Zurich, Switzerland",,,,0.0215,953100,9531.0,2025-03-21,0.019799999999999998,
2025-03-21,3350,Metaplanet Inc.,UBS AG,"Bahnhofstrasse 45, 8001 Zurich, Switzerland",,,,0.019799999999999998,876500,8765.0,2025-03-17,0.0212,
2025-03-21,3350,Metaplanet Inc.,モルガン・スタンレーMUFG証券株式会社,東京都千代田区大手町一丁目９番７号大手町フィナンシャルシティサウスタワー,,,,0.024900000000000002,1005785,10057.0,2025-03-19,0.032400000000000005,
2025-03-21,3350,Metaplanet Inc.,MERRILL LYNCH INTERNATIONAL,"2 KING EDWARD STREET, LONDON, EC1A 1HQ",,,,0.0113,457105,4571.0,2025-03-19,0.0122,
2025-03-19,3350,Metaplanet Inc.,MERRILL LYNCH INTERNATIONAL,"2 KING EDWARD STREET, LONDON, EC1A 1HQ",,,,0.0122,494305,4943.0,2025-03-18,0.0142,
2025-03-19,3350,Metaplanet Inc.,Nomura International plc,"1 Angel Lane, London, EC4R 3AB, United Kingdom",,,,0.004699999999999999,211453,2114.0,2025-03-17,0.0054,
2025-03-19,3350,Metaplanet Inc.,モルガン・スタンレーMUFG証券株式会社,東京都千代田区大手町一丁目９番７号大手町フィナンシャルシティサウスタワー,,,,0.032400000000000005,1270885,12708.0,2025-03-18,0.0341,
2025-03-19,3350,Metaplanet Inc.,GOLDMAN SACHS INTERNATIONAL,Plumtree Court 25 Shoe Lane London,,,,0.028300000000000002,1254474,12544.0,2025-03-18,0.026000000000000002,顧客取引に係るヘッジポジション及びETFの場合は当該ETFの設定を伴う空売りを含む
2025-03-18,3350,Metaplanet Inc.,MERRILL LYNCH INTERNATIONAL,"2 KING EDWARD STREET, LONDON, EC1A 1HQ",,,,0.0142,558605,5586.0,2025-03-17,0.0141,
2025-03-18,3350,Metaplanet Inc.,GOLDMAN SACHS INTERNATIONAL,Plumtree Court 25 Shoe Lane London,,,,0.026000000000000002,1153343,11533.0,2025-03-17,0.0258,顧客取引に係るヘッジポジション及びETFの場合は当該ETFの設定を伴う空売りを含む
2025-03-18,3350,Metaplanet Inc.,モルガン・スタンレーMUFG証券株式会社,東京都千代田区大手町一丁目９番７号大手町フィナンシャルシティサウスタワー,,,,0.0341,1335885,13358.0,2025-03-17,0.0311,
2025-03-17,3350,Metaplanet Inc.,Nomura International plc,"1 Angel Lane, London, EC4R 3AB, United Kingdom",,,,0.0054,242331,2423.0,2025-03-14,0.0060999999999999995,
2025-03-17,3350,Metaplanet Inc.,UBS AG,"Bahnhofstrasse 45, 8001 Zurich, Switzerland",,,,0.0212,941800,9418.0,2025-03-13,0.022400000000000003,
2025-03-17,3350,Metaplanet Inc.,モルガン・スタンレーMUFG証券株式会社,東京都千代田区大手町一丁目９番７号大手町フィナンシャルシティサウスタワー,,,,0.0311,1219985,12199.0,2025-03-14,0.0301,
2025-03-17,3350,Metaplanet Inc.,MERRILL LYNCH INTERNATIONAL,"2 KING EDWARD STREET, LONDON, EC1A 1HQ",,,,0.0141,553805,5538.0,2025-03-13,0.0142,
2025-03-17,3350,Metaplanet Inc.,UBS AG,"Bahnhofstrasse 45, 8001 Zurich, Switzerland",,,,0.0212,941800,9418.0,2025-03-13,0.022400000000000003,
2025-03-17,3350,Metaplanet Inc.,GOLDMAN SACHS INTERNATIONAL,Plumtree Court 25 Shoe Lane London,,,,0.0258,1141947,11419.0,2025-03-13,0.0263,顧客取引に係るヘッジポジション及びETFの場合は当該ETFの設定を伴う空売りを含む
2025-03-14,3350,Metaplanet Inc.,モルガン・スタンレーMUFG証券株式会社,東京都千代田区大手町一丁目９番７号大手町フィナンシャルシティサウスタワー,,,,0.0301,1181985,11819.0,2025-03-13,0.0321,
2025-03-14,3350,Metaplanet Inc.,Nomura International plc,"1 Angel Lane, London, EC4R 3AB, United Kingdom",,,,0.0060999999999999995,270007,2700.0,2025-03-13,0.005699999999999999,
2025-03-13,3350,Metaplanet Inc.,GOLDMAN SACHS INTERNATIONAL,Plumtree Court 25 Shoe Lane London,,,,0.0263,1166963,11669.0,2025-03-07,0.0231,顧客取引に係るヘッジポジション及びETFの場合は当該ETFの設定を伴う空売りを含む
2025-03-13,3350,Metaplanet Inc.,Nomura International plc,"1 Angel Lane, London, EC4R 3AB, United Kingdom",,,,0.005699999999999999,254606,2546.0,2025-03-12,0.0034000000000000002,
2025-03-13,3350,Metaplanet Inc.,UBS AG,"Bahnhofstrasse 45, 8001 Zurich, Switzerland",,,,0.022400000000000003,991600,9916.0,2025-03-12,0.0213,
2025-03-13,3350,Metaplanet Inc.,モルガン・スタンレーMUFG証券株式会社,東京都千代田区大手町一丁目９番７号大手町フィナンシャルシティサウスタワー,,,,0.0321,1259685,12596.0,2025-03-11,0.037000000000000005,
2025-03-13,3350,Metaplanet Inc.,MERRILL LYNCH INTERNATIONAL,"2 KING EDWARD STREET, LONDON, EC1A 1HQ",,,,0.0142,556405,5564.0,2025-03-12,0.014,
2025-03-12,3350,Metaplanet Inc.,MERRILL LYNCH INTERNATIONAL,"2 KING EDWARD STREET, LONDON, EC1A 1HQ",,,,0.014,551105,5511.0,2025-03-11,0.0137,
2025-03-12,3350,Metaplanet Inc.,UBS AG,"Bahnhofstrasse 45, 8001 Zurich, Switzerland",,,,0.0213,945600,9456.0,2025-03-10,0.0204,
2025-03-11,3350,Metaplanet Inc.,MERRILL LYNCH INTERNATIONAL,"2 KING EDWARD STREET, LONDON, EC1A 1HQ",,,,0.0137,537005,5370.0,2025-03-10,0.0142,
2025-03-11,3350,Metaplanet Inc.,モルガン・スタンレーMUFG証券株式会社,東京都千代田区大手町一丁目９番７号大手町フィナンシャルシティサウスタワー,,,,0.037000000000000005,1451785,14517.0,2025-03-07,0.040999999999999995,
2025-03-10,3350,Metaplanet Inc.,MERRILL LYNCH INTERNATIONAL,"2 KING EDWARD STREET, LONDON, EC1A 1HQ",,,,0.0142,559805,5598.0,2025-03-07,0.0144,
2025-03-10,3350,Metaplanet Inc.,UBS AG,"Bahnhofstrasse 45, 8001 Zurich, Switzerland",,,,0.0204,905200,9052.0,2025-03-07,0.018500000000000003,
2025-03-07,3350,Metaplanet Inc.,UBS AG,"Bahnhofstrasse 45, 8001 Zurich, Switzerland",,,,0.018500000000000003,821300,8213.0,2025-03-06,0.015,
2025-03-07,3350,Metaplanet Inc.,モルガン・スタンレーMUFG証券株式会社,東京都千代田区大手町一丁目９番７号大手町フィナンシャルシティサウスタワー,,,,0.040999999999999995,1608285,16082.0,2025-03-06,0.034,
2025-03-07,3350,Metaplanet Inc.,MERRILL LYNCH INTERNATIONAL,"2 KING EDWARD STREET, LONDON, EC1A 1HQ",,,,0.0144,565805,5658.0,2025-03-06,0.0094,
2025-03-07,3350,Metaplanet Inc.,GOLDMAN SACHS INTERNATIONAL,Plumtree Court 25 Shoe Lane London,,,,0.0231,1023259,10232.0,2025-03-05,0.017,顧客取引に係るヘッジポジション及びETFの場合は当該ETFの設定を伴う空売りを含む
2025-03-06,3350,Metaplanet Inc.,モルガン・スタンレーMUFG証券株式会社,東京都千代田区大手町一丁目９番７号大手町フィナンシャルシティサウスタワー,,,,0.034,1332685,13326.0,2025-03-05,0.0273,
2025-03-06,3350,Metaplanet Inc.,MERRILL LYNCH INTERNATIONAL,"2 KING EDWARD STREET, LONDON, EC1A 1HQ",,,,0.0094,369505,3695.0,2025-03-05,0.0032,
2025-03-06,3350,Metaplanet Inc.,UBS AG,"Bahnhofstrasse 45, 8001 Zurich, Switzerland",,,,0.015,667900,6679.0,2025-03-05,0.0127,
2025-03-05,3350,Metaplanet Inc.,GOLDMAN SACHS INTERNATIONAL,Plumtree Court 25 Shoe Lane London,,,,0.017,755468,7554.0,2025-03-03,0.0161,顧客取引に係るヘッジポジション及びETFの場合は当該ETFの設定を伴う空売りを含む
2025-03-05,3350,Metaplanet Inc.,Nomura Asset Management Singapore Limited,"10 Marina Boulevard, Marina Bay Financial Centre Tower 2, #33-03, Singapore 018983",Global Funds Trust Company,"PO Box 309, Ugland House, Grand Cayman, KY1-1104, Cayman Islands",,0.0075,335300,3353.0,2024-12-24,0.0089,
2025-03-05,3350,Metaplanet Inc.,UBS AG,"Bahnhofstrasse 45, 8001 Zurich, Switzerland",,,,0.0127,562700,5627.0,2025-03-04,0.0084,
2025-03-05,3350,Metaplanet Inc.,モルガン・スタンレーMUFG証券株式会社,東京都千代田区大手町一丁目９番７号大手町フィナンシャルシティサウスタワー,,,,0.0273,1072285,10722.0,2025-03-04,0.026600000000000002,
2025-03-04,3350,Metaplanet Inc.,UBS AG,"Bahnhofstrasse 45, 8001 Zurich, Switzerland",,,,0.0084,372500,3725.0,2025-02-20,0.0051,
2025-03-04,3350,Metaplanet Inc.,モルガン・スタンレーMUFG証券株式会社,東京都千代田区大手町一丁目９番７号大手町フィナンシャルシティサウスタワー,,,,0.026600000000000002,1043185,10431.0,2025-03-03,0.0253,
2025-03-03,3350,Metaplanet Inc.,Citigroup Global Markets Limited,"Citigroup Centre, Canada Square, Canary Wharf, London E14 5LB , UK",,,,0.0013,55500,555.0,2025-02-14,0.0055,
2025-03-03,3350,Metaplanet Inc.,GOLDMAN SACHS INTERNATIONAL,Plumtree Court 25 Shoe Lane London,,,,0.0161,651135,6511.0,2025-02-27,0.0159,顧客取引に係るヘッジポジション及びETFの場合は当該ETFの設定を伴う空売りを含む
2025-03-03,3350,Metaplanet Inc.,Jefferies International Limited,"100 Bishopsgate, London EC2N 4JL, United Kingdom",,,,0.0049,200000,2000.0,2025-02-17,0.0066,
2025-03-03,3350,Metaplanet Inc.,モルガン・スタンレーMUFG証券株式会社,東京都千代田区大手町一丁目９番７号大手町フィナンシャルシティサウスタワー,,,,0.0253,992985,9929.0,2025-02-25,0.0322,
2025-02-27,3350,Metaplanet Inc.,GOLDMAN SACHS INTERNATIONAL,Plumtree Court 25 Shoe Lane London,,,,0.0159,643671,6436.0,2025-02-26,0.016,顧客取引に係るヘッジポジション及びETFの場合は当該ETFの設定を伴う空売りを含む
2025-02-26,3350,Metaplanet Inc.,GOLDMAN SACHS INTERNATIONAL,Plumtree Court 25 Shoe Lane London,,,,0.016,645631,6456.0,2025-02-25,0.0129,顧客取引に係るヘッジポジション及びETFの場合は当該ETFの設定を伴う空売りを含む
2025-02-25,3350,Metaplanet Inc.,モルガン・スタンレーMUFG証券株式会社,東京都千代田区大手町一丁目９番７号大手町フィナンシャルシティサウスタワー,,,,0.0322,1262185,12621.0,2025-02-20,0.0311,
2025-02-25,3350,Metaplanet Inc.,BNP Paribas Financial Markets SNC,"20 boulevard des Italiens, 75009 Paris",,,,0.0048,196040,1960.0,2025-02-20,0.005500000000000001,
2025-02-25,3350,Metaplanet Inc.,GOLDMAN SACHS INTERNATIONAL,Plumtree Court 25 Shoe Lane London,,,,0.0129,522242,5222.0,2025-02-21,0.0109,顧客取引に係るヘッジポジション及びETFの場合は当該ETFの設定を伴う空売りを含む
2025-02-21,3350,Metaplanet Inc.,GOLDMAN SACHS INTERNATIONAL,Plumtree Court 25 Shoe Lane London,,,,0.0109,434122,4341.0,2025-02-18,0.0111,顧客取引に係るヘッジポジション及びETFの場合は当該ETFの設定を伴う空売りを含む
2025-02-20,3350,Metaplanet Inc.,BNP Paribas Financial Markets SNC,"20 boulevard des Italiens, 75009 Paris",,,,0.005500000000000001,218240,2182.0,2025-02-13,0.0062,
2025-02-20,3350,Metaplanet Inc.,モルガン・スタンレーMUFG証券株式会社,東京都千代田区大手町一丁目９番７号大手町フィナンシャルシティサウスタワー,,,,0.0311,1128385,11283.0,2025-02-19,0.030899999999999997,
2025-02-20,3350,Metaplanet Inc.,UBS AG,"Bahnhofstrasse 45, 8001 Zurich, Switzerland",,,,0.0051,203900,2039.0,2025-02-13,0.0044,
2025-02-19,3350,Metaplanet Inc.,モルガン・スタンレーMUFG証券株式会社,東京都千代田区大手町一丁目９番７号大手町フィナンシャルシティサウスタワー,,,,0.030899999999999997,1122885,11228.0,2025-02-18,0.0369,
2025-02-18,3350,Metaplanet Inc.,GOLDMAN SACHS INTERNATIONAL,Plumtree Court 25 Shoe Lane London,,,,0.0111,435766,4357.0,2025-02-14,0.0108,顧客取引に係るヘッジポジション及びETFの場合は当該ETFの設定を伴う空売りを含む
2025-02-18,3350,Metaplanet Inc.,モルガン・スタンレーMUFG証券株式会社,東京都千代田区大手町一丁目９番７号大手町フィナンシャルシティサウスタワー,,,,0.0369,1339725,13397.0,2025-02-17,0.0325,
2025-02-17,3350,Metaplanet Inc.,Jefferies International Limited,"100 Bishopsgate, London EC2N 4JL, United Kingdom",,,,0.0066,262100,2621.0,2025-02-14,0.0088,
2025-02-17,3350,Metaplanet Inc.,モルガン・スタンレーMUFG証券株式会社,東京都千代田区大手町一丁目９番７号大手町フィナンシャルシティサウスタワー,,,,0.0325,1181125,11811.0,2025-02-14,0.0345,
2025-02-14,3350,Metaplanet Inc.,モルガン・スタンレーMUFG証券株式会社,東京都千代田区大手町一丁目９番７号大手町フィナンシャルシティサウスタワー,,,,0.0345,1254725,12547.0,2025-02-13,0.028900000000000002,
2025-02-14,3350,Metaplanet Inc.,Citigroup Global Markets Limited,"Citigroup Centre, Canada Square, Canary Wharf, London E14 5LB , UK",,,,0.0055,218000,2180.0,2025-02-13,0.004,
2025-02-14,3350,Metaplanet Inc.,GOLDMAN SACHS INTERNATIONAL,Plumtree Court 25 Shoe Lane London,,,,0.0108,423741,4237.0,2025-02-13,0.009399999999999999,顧客取引に係るヘッジポジション及びETFの場合は当該ETFの設定を伴う空売りを含む
2025-02-14,3350,Metaplanet Inc.,Jefferies International Limited,"100 Bishopsgate, London EC2N 4JL, United Kingdom",,,,0.0088,345900,3459.0,2025-02-12,0.0031,
2025-02-13,3350,Metaplanet Inc.,モルガン・スタンレーMUFG証券株式会社,東京都千代田区大手町一丁目９番７号大手町フィナンシャルシティサウスタワー,,,,0.028900000000000002,1051625,10516.0,2025-02-12,0.0241,
2025-02-13,3350,Metaplanet Inc.,GOLDMAN SACHS INTERNATIONAL,Plumtree Court 25 Shoe Lane London,,,,0.009399999999999999,368309,3683.0,2025-02-12,0.0086,顧客取引に係るヘッジポジション及びETFの場合は当該ETFの設定を伴う空売りを含む
2025-02-13,3350,Metaplanet Inc.,BNP Paribas Financial Markets SNC,"20 boulevard des Italiens, 75009 Paris",,,,0.0062,243340,2433.0,2025-02-07,0.0049,
2025-02-12,3350,Metaplanet Inc.,モルガン・スタンレーMUFG証券株式会社,東京都千代田区大手町一丁目９番７号大手町フィナンシャルシティサウスタワー,,,,0.0241,874925,8749.0,2025-02-10,0.0288,
2025-02-12,3350,Metaplanet Inc.,GOLDMAN SACHS INTERNATIONAL,Plumtree Court 25 Shoe Lane London,,,,0.0086,339680,3396.0,2025-02-10,0.0068000000000000005,顧客取引に係るヘッジポジション及びETFの場合は当該ETFの設定を伴う空売りを含む
2025-02-10,3350,Metaplanet Inc.,GOLDMAN SACHS INTERNATIONAL,Plumtree Court 25 Shoe Lane London,,,,0.0068000000000000005,267973,2679.0,2025-02-07,0.0040999999999999995,顧客取引に係るヘッジポジション及びETFの場合は当該ETFの設定を伴う空売りを含む
2025-02-10,3350,Metaplanet Inc.,モルガン・スタンレーMUFG証券株式会社,東京都千代田区大手町一丁目９番７号大手町フィナンシャルシティサウスタワー,,,,0.0288,1045925,10459.0,2025-02-05,0.0318,
2025-02-07,3350,Metaplanet Inc.,BNP Paribas Financial Markets SNC,"20 boulevard des Italiens, 75009 Paris",,,,0.0049,193540,1935.0,2025-01-21,0.005,
2025-02-05,3350,Metaplanet Inc.,モルガン・スタンレーMUFG証券株式会社,東京都千代田区大手町一丁目９番７号大手町フィナンシャルシティサウスタワー,,,,0.0318,1154525,11545.0,2025-02-04,0.036000000000000004,
2025-02-04,3350,Metaplanet Inc.,UBS AG,"Bahnhofstrasse 45, 8001 Zurich, Switzerland",,,,0.0049,194360,1943.0,2025-01-31,0.008100000000000001,
2025-02-04,3350,Metaplanet Inc.,モルガン・スタンレーMUFG証券株式会社,東京都千代田区大手町一丁目９番７号大手町フィナンシャルシティサウスタワー,,,,0.036000000000000004,1307825,13078.0,2025-02-03,0.0404,
2025-02-03,3350,Metaplanet Inc.,モルガン・スタンレーMUFG証券株式会社,東京都千代田区大手町一丁目９番７号大手町フィナンシャルシティサウスタワー,,,,0.0404,1466525,14665.0,2025-01-31,0.0391,
2025-01-31,3350,Metaplanet Inc.,UBS AG,"Bahnhofstrasse 45, 8001 Zurich, Switzerland",,,,0.008100000000000001,318360,3183.0,2025-01-29,0.0059,
2025-01-31,3350,Metaplanet Inc.,モルガン・スタンレーMUFG証券株式会社,東京都千代田区大手町一丁目９番７号大手町フィナンシャルシティサウスタワー,,,,0.0391,1418641,14186.0,2025-01-30,0.04019999999999999,
2025-01-30,3350,Metaplanet Inc.,モルガン・スタンレーMUFG証券株式会社,東京都千代田区大手町一丁目９番７号大手町フィナンシャルシティサウスタワー,,,,0.04019999999999999,1460941,14609.0,2025-01-29,0.0425,
2025-01-30,3350,Metaplanet Inc.,Integrated Core Strategies (Asia) Pte. Ltd.,"88 Market Street, #37-01, CapitaSpring, Singapore 048948",,,,0.0037,147200,1472.0,2025-01-29,0.0101,
2025-01-29,3350,Metaplanet Inc.,モルガン・スタンレーMUFG証券株式会社,東京都千代田区大手町一丁目９番７号大手町フィナンシャルシティサウスタワー,,,,0.0425,1544041,15440.0,2025-01-27,0.0449,
2025-01-29,3350,Metaplanet Inc.,UBS AG,"Bahnhofstrasse 45, 8001 Zurich, Switzerland",,,,0.0059,231960,2319.0,2025-01-28,0.006,
2025-01-29,3350,Metaplanet Inc.,Integrated Core Strategies (Asia) Pte. Ltd.,"88 Market Street, #37-01, CapitaSpring, Singapore 048948",,,,0.0101,399500,3995.0,2025-01-28,0.008100000000000001,
2025-01-28,3350,Metaplanet Inc.,Integrated Core Strategies (Asia) Pte. Ltd.,"88 Market Street, #37-01, CapitaSpring, Singapore 048948",,,,0.008100000000000001,318700,3187.0,2025-01-27,0.0055000000000000005,
2025-01-28,3350,Metaplanet Inc.,UBS AG,"Bahnhofstrasse 45, 8001 Zurich, Switzerland",,,,0.006,237060,2370.0,2025-01-27,0.005,
2025-01-27,3350,Metaplanet Inc.,Integrated Core Strategies (Asia) Pte. Ltd.,"88 Market Street, #37-01, CapitaSpring, Singapore 048948",,,,0.0055000000000000005,216900,2169.0,2025-01-24,0.0046,
2025-01-27,3350,Metaplanet Inc.,UBS AG,"Bahnhofstrasse 45, 8001 Zurich, Switzerland",,,,0.005,197900,1979.0,2025-01-24,0.0034000000000000002,
2025-01-27,3350,Metaplanet Inc.,モルガン・スタンレーMUFG証券株式会社,東京都千代田区大手町一丁目９番７号大手町フィナンシャルシティサウスタワー,,,,0.0449,1629041,16290.0,2025-01-24,0.0426,
2025-01-24,3350,Metaplanet Inc.,UBS AG,"Bahnhofstrasse 45, 8001 Zurich, Switzerland",,,,0.0034000000000000002,135000,1350.0,2025-01-23,0.0078000000000000005,
2025-01-24,3350,Metaplanet Inc.,モルガン・スタンレーMUFG証券株式会社,東京都千代田区大手町一丁目９番７号大手町フィナンシャルシティサウスタワー,,,,0.0426,1545141,15451.0,2025-01-23,0.0452,
2025-01-23,3350,Metaplanet Inc.,UBS AG,"Bahnhofstrasse 45, 8001 Zurich, Switzerland",,,,0.0078000000000000005,308000,3080.0,2025-01-22,0.0045000000000000005,
2025-01-23,3350,Metaplanet Inc.,モルガン・スタンレーMUFG証券株式会社,東京都千代田区大手町一丁目９番７号大手町フィナンシャルシティサウスタワー,,,,0.0452,1641541,16415.0,2025-01-22,0.042199999999999994,
2025-01-22,3350,Metaplanet Inc.,Integrated Core Strategies (Asia) Pte. Ltd.,"88 Market Street, #37-01, CapitaSpring, Singapore 048948",,,,0.0018,71800,718.0,2025-01-21,0.0053,
2025-01-22,3350,Metaplanet Inc.,モルガン・スタンレーMUFG証券株式会社,東京都千代田区大手町一丁目９番７号大手町フィナンシャルシティサウスタワー,,,,0.042199999999999994,1530941,15309.0,2025-01-21,0.0416,
2025-01-21,3350,Metaplanet Inc.,BNP Paribas Financial Markets SNC,"20 boulevard des Italiens, 75009 Paris",,,,0.005,199140,1991.0,2025-01-20,0.0068,
2025-01-21,3350,Metaplanet Inc.,Integrated Core Strategies (Asia) Pte. Ltd.,"88 Market Street, #37-01, CapitaSpring, Singapore 048948",,,,0.0053,208100,2081.0,2025-01-15,0.004,
2025-01-21,3350,Metaplanet Inc.,モルガン・スタンレーMUFG証券株式会社,東京都千代田区大手町一丁目９番７号大手町フィナンシャルシティサウスタワー,,,,0.0416,1510641,15106.0,2025-01-20,0.0387,
2025-01-20,3350,Metaplanet Inc.,モルガン・スタンレーMUFG証券株式会社,東京都千代田区大手町一丁目９番７号大手町フィナンシャルシティサウスタワー,,,,0.0387,1406341,14063.0,2025-01-17,0.0363,
2025-01-20,3350,Metaplanet Inc.,BNP Paribas Financial Markets SNC,"20 boulevard des Italiens, 75009 Paris",,,,0.0068,270140,2701.0,2025-01-17,0.0077,
2025-01-17,3350,Metaplanet Inc.,モルガン・スタンレーMUFG証券株式会社,東京都千代田区大手町一丁目９番７号大手町フィナンシャルシティサウスタワー,,,,0.0363,1316601,13166.0,2025-01-16,0.051,
2025-01-17,3350,Metaplanet Inc.,GOLDMAN SACHS INTERNATIONAL,Plumtree Court 25 Shoe Lane London,,,,0.003,119326,1193.0,2025-01-15,0.0069,顧客取引に係るヘッジポジション及びETFの場合は当該ETFの設定を伴う空売りを含む
2025-01-17,3350,Metaplanet Inc.,Nomura International plc,"1 Angel Lane, London, EC4R 3AB, United Kingdom",,,,0.0,0,0.0,2025-01-15,0.0076,Below the threshold
2025-01-17,3350,Metaplanet Inc.,BNP Paribas Financial Markets SNC,"20 boulevard des Italiens, 75009 Paris",,,,0.0077,302140,3021.0,2025-01-15,0.0092,
2025-01-16,3350,Metaplanet Inc.,モルガン・スタンレーMUFG証券株式会社,東京都千代田区大手町一丁目９番７号大手町フィナンシャルシティサウスタワー,,,,0.051,1853101,18531.0,2025-01-15,0.0481,
2025-01-15,3350,Metaplanet Inc.,BNP Paribas Financial Markets SNC,"20 boulevard des Italiens, 75009 Paris",,,,0.0092,362240,3622.0,2025-01-14,0.0083,
2025-01-15,3350,Metaplanet Inc.,GOLDMAN SACHS INTERNATIONAL,Plumtree Court 25 Shoe Lane London,,,,0.0069,270726,2707.0,2025-01-10,0.0058,顧客取引に係るヘッジポジション及びETFの場合は当該ETFの設定を伴う空売りを含む
2025-01-15,3350,Metaplanet Inc.,Nomura International plc,"1 Angel Lane, London, EC4R 3AB, United Kingdom",,,,0.0076,298189,2981.0,2025-01-08,0.0024,
2025-01-15,3350,Metaplanet Inc.,モルガン・スタンレーMUFG証券株式会社,東京都千代田区大手町一丁目９番７号大手町フィナンシャルシティサウスタワー,,,,0.0481,1745701,17457.0,2025-01-14,0.0392,
2025-01-14,3350,Metaplanet Inc.,BNP Paribas Financial Markets SNC,"20 boulevard des Italiens, 75009 Paris",,,,0.0083,328440,3284.0,2025-01-09,0.0074,
2025-01-14,3350,Metaplanet Inc.,モルガン・スタンレーMUFG証券株式会社,東京都千代田区大手町一丁目９番７号大手町フィナンシャルシティサウスタワー,,,,0.0392,1425201,14252.0,2025-01-09,0.0412,
2025-01-10,3350,Metaplanet Inc.,GOLDMAN SACHS INTERNATIONAL,Plumtree Court 25 Shoe Lane London,,,,0.0058,228826,2288.0,2025-01-08,0.0064,顧客取引に係るヘッジポジション及びETFの場合は当該ETFの設定を伴う空売りを含む
2025-01-09,3350,Metaplanet Inc.,モルガン・スタンレーMUFG証券株式会社,東京都千代田区大手町一丁目９番７号大手町フィナンシャルシティサウスタワー,,,,0.0412,1496301,14963.0,2025-01-08,0.0395,
2025-01-09,3350,Metaplanet Inc.,BNP Paribas Financial Markets SNC,"20 boulevard des Italiens, 75009 Paris",,,,0.0074,290540,2905.0,2025-01-07,0.0066,
2025-01-08,3350,Metaplanet Inc.,モルガン・スタンレーMUFG証券株式会社,東京都千代田区大手町一丁目９番７号大手町フィナンシャルシティサウスタワー,,,,0.0395,1434001,14340.0,2025-01-07,0.030899999999999997,
2025-01-08,3350,Metaplanet Inc.,GOLDMAN SACHS INTERNATIONAL,Plumtree Court 25 Shoe Lane London,,,,0.0064,251426,2514.0,2025-01-07,0.006999999999999999,顧客取引に係るヘッジポジション及びETFの場合は当該ETFの設定を伴う空売りを含む
2025-01-07,3350,Metaplanet Inc.,GOLDMAN SACHS INTERNATIONAL,Plumtree Court 25 Shoe Lane London,,,,0.006999999999999999,274208,2742.0,2025-01-06,0.0056,顧客取引に係るヘッジポジション及びETFの場合は当該ETFの設定を伴う空売りを含む
2025-01-07,3350,Metaplanet Inc.,モルガン・スタンレーMUFG証券株式会社,東京都千代田区大手町一丁目９番７号大手町フィナンシャルシティサウスタワー,,,,0.030899999999999997,1121201,11212.0,2025-01-06,0.0352,
2025-01-07,3350,Metaplanet Inc.,BNP Paribas Financial Markets SNC,"20 boulevard des Italiens, 75009 Paris",,,,0.0066,259540,2595.0,2025-01-06,0.0071,
2025-01-06,3350,Metaplanet Inc.,BNP Paribas Financial Markets SNC,"20 boulevard des Italiens, 75009 Paris",,,,0.0071,279540,2795.0,2024-12-16,0.0067,
2025-01-06,3350,Metaplanet Inc.,モルガン・スタンレーMUFG証券株式会社,東京都千代田区大手町一丁目９番７号大手町フィナンシャルシティサウスタワー,,,,0.0352,1278801,12788.0,2024-12-30,0.0294,
2025-01-06,3350,Metaplanet Inc.,BNP Paribas Financial Markets SNC,"20 boulevard des Italiens, 75009 Paris",,,,0.0071,279540,2795.0,2024-12-16,0.0067,
2025-01-06,3350,Metaplanet Inc.,GOLDMAN SACHS INTERNATIONAL,Plumtree Court 25 Shoe Lane London,,,,0.0056,221608,2216.0,2024-12-30,0.0062,顧客取引に係るヘッジポジション及びETFの場合は当該ETFの設定を伴う空売りを含む
2025-01-06,3350,Metaplanet Inc.,MERRILL LYNCH INTERNATIONAL,"2 KING EDWARD STREET, LONDON, EC1A 1HQ",,,,0.0,0,0.0,2024-12-30,0.0063,
2024-12-30,3350,Metaplanet Inc.,モルガン・スタンレーMUFG証券株式会社,東京都千代田区大手町一丁目９番７号大手町フィナンシャルシティサウスタワー,,,,0.0294,1068001,10680.0,2024-12-27,0.0287,
2024-12-30,3350,Metaplanet Inc.,MERRILL LYNCH INTERNATIONAL,"2 KING EDWARD STREET, LONDON, EC1A 1HQ",,,,0.0063,230240,2302.0,,,
2024-12-30,3350,Metaplanet Inc.,GOLDMAN SACHS INTERNATIONAL,Plumtree Court 25 Shoe Lane London,,,,0.0062,225008,2250.0,2024-12-20,0.0074,顧客取引に係るヘッジポジション及びETFの場合は当該ETFの設定を伴う空売りを含む
2024-12-27,3350,Metaplanet Inc.,モルガン・スタンレーMUFG証券株式会社,東京都千代田区大手町一丁目９番７号大手町フィナンシャルシティサウスタワー,,,,0.0287,1042901,10429.0,2024-12-26,0.029300000000000003,
2024-12-26,3350,Metaplanet Inc.,モルガン・スタンレーMUFG証券株式会社,東京都千代田区大手町一丁目９番７号大手町フィナンシャルシティサウスタワー,,,,0.029300000000000003,1064101,10641.0,2024-12-25,0.0252,
2024-12-25,3350,Metaplanet Inc.,モルガン・スタンレーMUFG証券株式会社,東京都千代田区大手町一丁目９番７号大手町フィナンシャルシティサウスタワー,,,,0.0252,914301,9143.0,2024-12-24,0.024399999999999998,
2024-12-24,3350,Metaplanet Inc.,Nomura Asset Management Singapore Limited,"10 Marina Boulevard, Marina Bay Financial Centre Tower 2, #33-03, Singapore 018983",Global Funds Trust Company,"PO Box 309, Ugland House, Grand Cayman, KY1-1104, Cayman Islands",,0.0089,326300,3263.0,2024-11-21,0.009,
2024-12-24,3350,Metaplanet Inc.,モルガン・スタンレーMUFG証券株式会社,東京都千代田区大手町一丁目９番７号大手町フィナンシャルシティサウスタワー,,,,0.024399999999999998,886501,8865.0,2024-12-23,0.025099999999999997,
2024-12-23,3350,Metaplanet Inc.,Integrated Core Strategies (Asia) Pte. Ltd.,"88 Market Street, #37-01, CapitaSpring, Singapore 048948",,,,0.0037,137500,1375.0,2024-12-20,0.006500000000000001,
2024-12-23,3350,Metaplanet Inc.,モルガン・スタンレーMUFG証券株式会社,東京都千代田区大手町一丁目９番７号大手町フィナンシャルシティサウスタワー,,,,0.025099999999999997,910991,9109.0,2024-12-20,0.0262,
2024-12-20,3350,Metaplanet Inc.,モルガン・スタンレーMUFG証券株式会社,東京都千代田区大手町一丁目９番７号大手町フィナンシャルシティサウスタワー,,,,0.0262,950691,9506.0,2024-12-19,0.0212,
2024-12-20,3350,Metaplanet Inc.,Integrated Core Strategies (Asia) Pte. Ltd.,"88 Market Street, #37-01, CapitaSpring, Singapore 048948",,,,0.006500000000000001,236000,2360.0,2024-12-19,0.0040999999999999995,
2024-12-20,3350,Metaplanet Inc.,GOLDMAN SACHS INTERNATIONAL,Plumtree Court 25 Shoe Lane London,,,,0.0074,270509,2705.0,2024-12-19,0.0060999999999999995,顧客取引に係るヘッジポジション及びETFの場合は当該ETFの設定を伴う空売りを含む
2024-12-19,3350,Metaplanet Inc.,モルガン・スタンレーMUFG証券株式会社,東京都千代田区大手町一丁目９番７号大手町フィナンシャルシティサウスタワー,,,,0.0212,769791,7697.0,2024-12-18,0.0248,
2024-12-19,3350,Metaplanet Inc.,GOLDMAN SACHS INTERNATIONAL,Plumtree Court 25 Shoe Lane London,,,,0.0060999999999999995,221409,2214.0,2024-12-17,0.005699999999999999,顧客取引に係るヘッジポジション及びETFの場合は当該ETFの設定を伴う空売りを含む
2024-12-18,3350,Metaplanet Inc.,モルガン・スタンレーMUFG証券株式会社,東京都千代田区大手町一丁目９番７号大手町フィナンシャルシティサウスタワー,,,,0.0248,899891,8998.0,2024-12-17,0.0116,
2024-12-17,3350,Metaplanet Inc.,Evo Fund,"One Nexus Way, Camana Bay, Grand Cayman KY1-9005, Cayman Islands","Evolution Japan Securities Co., Ltd.","New Otani Garden Court 12F, Kioicho 4-1, Chiyoda-ku , Tokyo 102-0094",Evo Fund,0.0,0,0.0,2024-12-13,0.0402,
2024-12-17,3350,Metaplanet Inc.,モルガン・スタンレーMUFG証券株式会社,東京都千代田区大手町一丁目９番７号大手町フィナンシャルシティサウスタワー,,,,0.0116,422391,4223.0,2024-12-16,0.0088,
2024-12-17,3350,Metaplanet Inc.,GOLDMAN SACHS INTERNATIONAL,Plumtree Court 25 Shoe Lane London,,,,0.005699999999999999,208709,2087.0,2024-12-16,0.0045000000000000005,顧客取引に係るヘッジポジション及びETFの場合は当該ETFの設定を伴う空売りを含む
2024-12-16,3350,Metaplanet Inc.,BNP Paribas Financial Markets SNC,"20 boulevard des Italiens, 75009 Paris",,,,0.0067,245640,2456.0,2024-12-12,0.0075,
2024-12-16,3350,Metaplanet Inc.,モルガン・スタンレーMUFG証券株式会社,東京都千代田区大手町一丁目９番７号大手町フィナンシャルシティサウスタワー,,,,0.0088,319691,3196.0,2024-12-13,0.0108,
2024-12-13,3350,Metaplanet Inc.,Evo Fund,"One Nexus Way, Camana Bay, Grand Cayman KY1-9005, Cayman Islands","Evolution Japan Securities Co., Ltd.","New Otani Garden Court 12F, Kioicho 4-1, Chiyoda-ku , Tokyo 102-0094",Evo Fund,0.0402,1456200,14562.0,2024-12-12,0.024,
2024-12-13,3350,Metaplanet Inc.,モルガン・スタンレーMUFG証券株式会社,東京都千代田区大手町一丁目９番７号大手町フィナンシャルシティサウスタワー,,,,0.0108,393591,3935.0,2024-12-12,0.005,
2024-12-12,3350,Metaplanet Inc.,BNP Paribas Financial Markets SNC,"20 boulevard des Italiens, 75009 Paris",,,,0.0075,273640,2736.0,2024-12-05,0.0107,
2024-12-12,3350,Metaplanet Inc.,Evo Fund,"One Nexus Way, Camana Bay, Grand Cayman KY1-9005, Cayman Islands","Evolution Japan Securities Co., Ltd.","New Otani Garden Court 12F, Kioicho 4-1, Chiyoda-ku , Tokyo 102-0094",Evo Fund,0.024,871497,8714.97,,,
2024-12-12,3350,Metaplanet Inc.,モルガン・スタンレーMUFG証券株式会社,東京都千代田区大手町一丁目９番７号大手町フィナンシャルシティサウスタワー,,,,0.005,182491,1824.0,2024-12-11,0.0084,
2024-12-11,3350,Metaplanet Inc.,モルガン・スタンレーMUFG証券株式会社,東京都千代田区大手町一丁目９番７号大手町フィナンシャルシティサウスタワー,,,,0.0084,304991,3049.0,2024-12-09,0.0149,
2024-12-09,3350,Metaplanet Inc.,モルガン・スタンレーMUFG証券株式会社,東京都千代田区大手町一丁目９番７号大手町フィナンシャルシティサウスタワー,,,,0.0149,540491,5404.0,2024-12-06,0.0073,
2024-12-06,3350,Metaplanet Inc.,モルガン・スタンレーMUFG証券株式会社,東京都千代田区大手町一丁目９番７号大手町フィナンシャルシティサウスタワー,,,,0.0073,268191,2681.0,2024-12-05,0.005,
2024-12-05,3350,Metaplanet Inc.,GOLDMAN SACHS INTERNATIONAL,Plumtree Court 25 Shoe Lane London,,,,0.004699999999999999,170659,1706.0,2024-12-03,0.0076,顧客取引に係るヘッジポジション及びETFの場合は当該ETFの設定を伴う空売りを含む
2024-12-05,3350,Metaplanet Inc.,BNP Paribas Financial Markets SNC,"20 boulevard des Italiens, 75009 Paris",,,,0.0107,390540,3905.0,2024-12-02,0.0112,
2024-12-05,3350,Metaplanet Inc.,モルガン・スタンレーMUFG証券株式会社,東京都千代田区大手町一丁目９番７号大手町フィナンシャルシティサウスタワー,,,,0.005,183491,1834.0,2024-11-28,0.0189,
2024-12-03,3350,Metaplanet Inc.,GOLDMAN SACHS INTERNATIONAL,Plumtree Court 25 Shoe Lane London,,,,0.0076,276959,2769.0,2024-11-22,0.008100000000000001,顧客取引に係るヘッジポジション及びETFの場合は当該ETFの設定を伴う空売りを含む
2024-12-02,3350,Metaplanet Inc.,BNP Paribas Financial Markets SNC,"20 boulevard des Italiens, 75009 Paris",,,,0.0112,407840,4078.0,2024-11-28,0.0105,
2024-11-28,3350,Metaplanet Inc.,BNP Paribas Financial Markets SNC,"20 boulevard des Italiens, 75009 Paris",,,,0.0105,381040,3810.0,2024-11-27,0.0098,
2024-11-28,3350,Metaplanet Inc.,モルガン・スタンレーMUFG証券株式会社,東京都千代田区大手町一丁目９番７号大手町フィナンシャルシティサウスタワー,,,,0.0189,687032,6870.0,2024-11-27,0.0144,
2024-11-27,3350,Metaplanet Inc.,BNP Paribas Financial Markets SNC,"20 boulevard des Italiens, 75009 Paris",,,,0.0098,357140,3571.0,2024-11-25,0.008100000000000001,
2024-11-27,3350,Metaplanet Inc.,モルガン・スタンレーMUFG証券株式会社,東京都千代田区大手町一丁目９番７号大手町フィナンシャルシティサウスタワー,,,,0.0144,523632,5236.0,2024-11-26,0.0101,
2024-11-26,3350,Metaplanet Inc.,モルガン・スタンレーMUFG証券株式会社,東京都千代田区大手町一丁目９番７号大手町フィナンシャルシティサウスタワー,,,,0.0101,368732,3687.0,2024-11-25,0.0088,
2024-11-25,3350,Metaplanet Inc.,BNP Paribas Financial Markets SNC,"20 boulevard des Italiens, 75009 Paris",,,,0.008100000000000001,297040,2970.0,2024-11-21,0.006999999999999999,
2024-11-25,3350,Metaplanet Inc.,モルガン・スタンレーMUFG証券株式会社,東京都千代田区大手町一丁目９番７号大手町フィナンシャルシティサウスタワー,,,,0.0088,319532,3195.0,2024-11-19,0.0098,
2024-11-22,3350,Metaplanet Inc.,GOLDMAN SACHS INTERNATIONAL,Plumtree Court 25 Shoe Lane London,,,,0.008100000000000001,295717,2957.0,2024-11-21,0.0069,顧客取引に係るヘッジポジション及びETFの場合は当該ETFの設定を伴う空売りを含む
2024-11-21,3350,Metaplanet Inc.,BNP Paribas Financial Markets SNC,"20 boulevard des Italiens, 75009 Paris",,,,0.006999999999999999,254240,2542.0,2024-11-13,0.0064,
2024-11-21,3350,Metaplanet Inc.,GOLDMAN SACHS INTERNATIONAL,Plumtree Court 25 Shoe Lane London,,,,0.0069,251817,2518.0,2024-11-19,0.0070999999999999995,顧客取引に係るヘッジポジション及びETFの場合は当該ETFの設定を伴う空売りを含む
2024-11-21,3350,Metaplanet Inc.,Nomura Asset Management Singapore Limited,"10 Marina Boulevard, Marina Bay Financial Centre Tower 2, #33-03, Singapore 018983",Global Funds Trust Company,"PO Box 309, Ugland House, Grand Cayman, KY1-1104, Cayman Islands",,0.009,328800,3288.0,2024-11-12,0.008,
2024-11-19,3350,Metaplanet Inc.,モルガン・スタンレーMUFG証券株式会社,東京都千代田区大手町一丁目９番７号大手町フィナンシャルシティサウスタワー,,,,0.0098,191232,1912.0,2024-11-18,0.0086,
2024-11-19,3350,Metaplanet Inc.,GOLDMAN SACHS INTERNATIONAL,Plumtree Court 25 Shoe Lane London,,,,0.0070999999999999995,258118,2581.0,2024-11-12,0.0058,顧客取引に係るヘッジポジション及びETFの場合は当該ETFの設定を伴う空売りを含む
2024-11-18,3350,Metaplanet Inc.,モルガン・スタンレーMUFG証券株式会社,東京都千代田区大手町一丁目９番７号大手町フィナンシャルシティサウスタワー,,,,0.0086,167232,1672.0,2024-11-15,0.0069,
2024-11-15,3350,Metaplanet Inc.,モルガン・スタンレーMUFG証券株式会社,東京都千代田区大手町一丁目９番７号大手町フィナンシャルシティサウスタワー,,,,0.0069,135432,1354.0,,,
2024-11-15,3350,Metaplanet Inc.,Morgan Stanley & Co. International plc,25 Cabot Square Canary Wharf London E14 4QA U.K.,,,,0.0,0,0.0,2024-11-14,0.0051,
2024-11-14,3350,Metaplanet Inc.,Morgan Stanley & Co. International plc,25 Cabot Square Canary Wharf London E14 4QA U.K.,,,,0.0051,100000,1000.0,,,
2024-11-13,3350,Metaplanet Inc.,BNP Paribas Financial Markets SNC,"20 boulevard des Italiens, 75009 Paris",,,,0.0064,233440,2334.0,2024-11-12,0.005699999999999999,
2024-11-12,3350,Metaplanet Inc.,BNP Paribas Financial Markets SNC,"20 boulevard des Italiens, 75009 Paris",,,,0.005699999999999999,208440,2084.0,2024-11-11,0.0048,
2024-11-12,3350,Metaplanet Inc.,BNP Paribas Financial Markets SNC,"20 boulevard des Italiens, 75009 Paris",,,,0.005699999999999999,208440,2084.0,2024-11-11,0.0048,
2024-11-12,3350,Metaplanet Inc.,GOLDMAN SACHS INTERNATIONAL,Plumtree Court 25 Shoe Lane London,,,,0.0058,210638,2106.0,2024-11-11,0.0060999999999999995,顧客取引に係るヘッジポジション及びETFの場合は当該ETFの設定を伴う空売りを含む
2024-11-12,3350,Metaplanet Inc.,Nomura Asset Management Singapore Limited,"10 Marina Boulevard, Marina Bay Financial Centre Tower 2, #33-03, Singapore 018983",Global Funds Trust Company,"PO Box 309, Ugland House, Grand Cayman, KY1-1104, Cayman Islands",,0.008,290700,2907.0,2024-11-06,0.0072,
2024-11-11,3350,Metaplanet Inc.,GOLDMAN SACHS INTERNATIONAL,Plumtree Court 25 Shoe Lane London,,,,0.0060999999999999995,222938,2229.0,2024-11-08,0.0169,顧客取引に係るヘッジポジション及びETFの場合は当該ETFの設定を伴う空売りを含む
2024-11-11,3350,Metaplanet Inc.,MERRILL LYNCH INTERNATIONAL,"2 KING EDWARD STREET, LONDON, EC1A 1HQ",,,,0.0,0,0.0,2024-11-08,0.0053,
2024-11-08,3350,Metaplanet Inc.,GOLDMAN SACHS INTERNATIONAL,Plumtree Court 25 Shoe Lane London,,,,0.0169,616538,6165.0,2024-11-05,0.015700000000000002,顧客取引に係るヘッジポジション及びETFの場合は当該ETFの設定を伴う空売りを含む
2024-11-08,3350,Metaplanet Inc.,MERRILL LYNCH INTERNATIONAL,"2 KING EDWARD STREET, LONDON, EC1A 1HQ",,,,0.0053,104271,1042.0,2024-11-07,0.0024,
2024-11-06,3350,Metaplanet Inc.,Nomura Asset Management Singapore Limited,"10 Marina Boulevard, Marina Bay Financial Centre Tower 2, #33-03, Singapore 018983",Global Funds Trust Company,"PO Box 309, Ugland House, Grand Cayman, KY1-1104, Cayman Islands",,0.0072,263100,2631.0,2024-10-29,0.0062,
2024-11-05,3350,Metaplanet Inc.,GOLDMAN SACHS INTERNATIONAL,Plumtree Court 25 Shoe Lane London,,,,0.015700000000000002,569438,5694.0,2024-11-01,0.0085,顧客取引に係るヘッジポジション及びETFの場合は当該ETFの設定を伴う空売りを含む
2024-11-01,3350,Metaplanet Inc.,GOLDMAN SACHS INTERNATIONAL,Plumtree Court 25 Shoe Lane London,,,,0.0085,310038,3100.0,2024-10-23,0.0046,顧客取引に係るヘッジポジション及びETFの場合は当該ETFの設定を伴う空売りを含む
2024-10-29,3350,Metaplanet Inc.,モルガン・スタンレーMUFG証券株式会社,東京都千代田区大手町一丁目９番７号大手町フィナンシャルシティサウスタワー,,,,0.0,0,0.0,2024-10-28,0.0069,
2024-10-29,3350,Metaplanet Inc.,Nomura Asset Management Singapore Limited,"10 Marina Boulevard, Marina Bay Financial Centre Tower 2, #33-03, Singapore 018983",Global Funds Trust Company,"PO Box 309, Ugland House, Grand Cayman, KY1-1104, Cayman Islands",,0.0062,226900,2269.0,2024-10-23,0.0057,
2024-10-28,3350,Metaplanet Inc.,モルガン・スタンレーMUFG証券株式会社,東京都千代田区大手町一丁目９番７号大手町フィナンシャルシティサウスタワー,,,,0.0069,135332,1353.0,2024-10-21,0.0077,
2024-10-23,3350,Metaplanet Inc.,Nomura Asset Management Singapore Limited,"10 Marina Boulevard, Marina Bay Financial Centre Tower 2, #33-03, Singapore 018983",Global Funds Trust Company,"PO Box 309, Ugland House, Grand Cayman, KY1-1104, Cayman Islands",,0.0057,207600,2076.0,2024-10-22,0.0063,
2024-10-22,3350,Metaplanet Inc.,Citigroup Global Markets Limited,"Citigroup Centre, Canada Square, Canary Wharf, London E14 5LB , UK",,,,0.0038,125800,1258.0,2024-10-10,0.0069,
2024-10-22,3350,Metaplanet Inc.,Nomura Asset Management Singapore Limited,"10 Marina Boulevard, Marina Bay Financial Centre Tower 2, #33-03, Singapore 018983",Global Funds Trust Company,"PO Box 309, Ugland House, Grand Cayman, KY1-1104, Cayman Islands",,0.0063,207600,2076.0,2024-10-18,0.0099,
2024-10-21,3350,Metaplanet Inc.,モルガン・スタンレーMUFG証券株式会社,東京都千代田区大手町一丁目９番７号大手町フィナンシャルシティサウスタワー,,,,0.0077,149332,1493.0,2024-10-18,0.005699999999999999,
2024-10-18,3350,Metaplanet Inc.,Nomura Asset Management Singapore Limited,"10 Marina Boulevard, Marina Bay Financial Centre Tower 2, #33-03, Singapore 018983",Global Funds Trust Company,"PO Box 309, Ugland House, Grand Cayman, KY1-1104, Cayman Islands",,0.0099,193000,1930.0,2024-10-17,0.0104,
2024-10-18,3350,Metaplanet Inc.,モルガン・スタンレーMUFG証券株式会社,東京都千代田区大手町一丁目９番７号大手町フィナンシャルシティサウスタワー,,,,0.005699999999999999,105070,1050.0,2024-10-15,0.0074,
2024-10-17,3350,Metaplanet Inc.,Nomura Asset Management Singapore Limited,"10 Marina Boulevard, Marina Bay Financial Centre Tower 2, #33-03, Singapore 018983",Global Funds Trust Company,"PO Box 309, Ugland House, Grand Cayman, KY1-1104, Cayman Islands",,0.0104,189300,1893.0,2024-10-03,0.0091,
2024-10-15,3350,Metaplanet Inc.,モルガン・スタンレーMUFG証券株式会社,東京都千代田区大手町一丁目９番７号大手町フィナンシャルシティサウスタワー,,,,0.0074,135062,1350.0,2024-10-09,0.0088,
2024-10-10,3350,Metaplanet Inc.,Citigroup Global Markets Limited,"Citigroup Centre, Canada Square, Canary Wharf, London E14 5LB , UK",,,,0.0069,126500,1265.0,2024-09-27,0.0036,
2024-10-10,3350,Metaplanet Inc.,XTX Markets Pte Ltd,"50, Collyer Quay, #06-05 OUE Bayfront, Singapore 049321",,,,0.0048,88000,880.0,2024-10-07,0.0055,
2024-10-09,3350,Metaplanet Inc.,モルガン・スタンレーMUFG証券株式会社,東京都千代田区大手町一丁目９番７号大手町フィナンシャルシティサウスタワー,,,,0.0088,160562,1605.0,2024-10-07,0.009899999999999999,
2024-10-07,3350,Metaplanet Inc.,XTX Markets Pte Ltd,"50, Collyer Quay, #06-05 OUE Bayfront, Singapore 049321",,,,0.0055,100100,1001.0,2024-10-04,0.0099,
2024-10-07,3350,Metaplanet Inc.,モルガン・スタンレーMUFG証券株式会社,東京都千代田区大手町一丁目９番７号大手町フィナンシャルシティサウスタワー,,,,0.009899999999999999,179962,1799.0,2024-10-04,0.0128,
2024-10-04,3350,Metaplanet Inc.,モルガン・スタンレーMUFG証券株式会社,東京都千代田区大手町一丁目９番７号大手町フィナンシャルシティサウスタワー,,,,0.0128,233062,2330.0,2024-10-01,0.014499999999999999,
2024-10-04,3350,Metaplanet Inc.,XTX Markets Pte Ltd,"50, Collyer Quay, #06-05 OUE Bayfront, Singapore 049321",,,,0.0099,180500,1805.0,2024-10-03,0.0117,
2024-10-03,3350,Metaplanet Inc.,Nomura Asset Management Singapore Limited,"10 Marina Boulevard, Marina Bay Financial Centre Tower 2, #33-03, Singapore 018983",Global Funds Trust Company,"PO Box 309, Ugland House, Grand Cayman, KY1-1104, Cayman Islands",,0.0091,166700,1667.0,2024-10-02,0.007,
2024-10-03,3350,Metaplanet Inc.,XTX Markets Pte Ltd,"50, Collyer Quay, #06-05 OUE Bayfront, Singapore 049321",,,,0.0117,214300,2143.0,2024-10-02,0.0068,
2024-10-02,3350,Metaplanet Inc.,Nomura Asset Management Singapore Limited,"10 Marina Boulevard, Marina Bay Financial Centre Tower 2, #33-03, Singapore 018983",Global Funds Trust Company,"PO Box 309, Ugland House, Grand Cayman, KY1-1104, Cayman Islands",,0.007,128300,1283.0,2024-10-01,0.0056,
2024-10-02,3350,Metaplanet Inc.,XTX Markets Pte Ltd,"50, Collyer Quay, #06-05 OUE Bayfront, Singapore 049321",,,,0.0068,123900,1239.0,2024-09-27,0.0059,
2024-10-01,3350,Metaplanet Inc.,Nomura Asset Management Singapore Limited,"10 Marina Boulevard, Marina Bay Financial Centre Tower 2, #33-03, Singapore 018983",Global Funds Trust Company,"PO Box 309, Ugland House, Grand Cayman, KY1-1104, Cayman Islands",,0.0056,103300,1033.0,2024-09-30,0.0045,
2024-10-01,3350,Metaplanet Inc.,モルガン・スタンレーMUFG証券株式会社,東京都千代田区大手町一丁目９番７号大手町フィナンシャルシティサウスタワー,,,,0.014499999999999999,264762,2647.0,2024-09-30,0.0151,
2024-09-30,3350,Metaplanet Inc.,モルガン・スタンレーMUFG証券株式会社,東京都千代田区大手町一丁目９番７号大手町フィナンシャルシティサウスタワー,,,,0.0151,275762,2757.0,2024-09-27,0.0139,
2024-09-27,3350,Metaplanet Inc.,XTX Markets Pte Ltd,"50, Collyer Quay, #06-05 OUE Bayfront, Singapore 049321",,,,0.0059,107800,1078.0,2024-09-26,0.0107,
2024-09-27,3350,Metaplanet Inc.,モルガン・スタンレーMUFG証券株式会社,東京都千代田区大手町一丁目９番７号大手町フィナンシャルシティサウスタワー,,,,0.0139,254362,2543.0,2024-09-26,0.0129,
2024-09-26,3350,Metaplanet Inc.,XTX Markets Pte Ltd,"50, Collyer Quay, #06-05 OUE Bayfront, Singapore 049321",,,,0.0107,196200,1962.0,2024-09-24,0.0115,
2024-09-26,3350,Metaplanet Inc.,モルガン・スタンレーMUFG証券株式会社,東京都千代田区大手町一丁目９番７号大手町フィナンシャルシティサウスタワー,,,,0.0129,235462,2354.0,2024-09-25,0.013000000000000001,
2024-09-25,3350,Metaplanet Inc.,モルガン・スタンレーMUFG証券株式会社,東京都千代田区大手町一丁目９番７号大手町フィナンシャルシティサウスタワー,,,,0.013000000000000001,237162,2371.0,2024-09-24,0.0043,
2024-09-24,3350,Metaplanet Inc.,XTX Markets Pte Ltd,"50, Collyer Quay, #06-05 OUE Bayfront, Singapore 049321",,,,0.0115,210000,2100.0,2024-09-19,0.0056,
2024-09-19,3350,Metaplanet Inc.,XTX Markets Pte Ltd,"50, Collyer Quay, #06-05 OUE Bayfront, Singapore 049321",,,,0.0056,102500,1025.0,2024-09-13,0.0079,
2024-09-13,3350,Metaplanet Inc.,XTX Markets Pte Ltd,"50, Collyer Quay, #06-05 OUE Bayfront, Singapore 049321",,,,0.0079,145200,1452.0,2024-09-12,0.0069,
2024-09-12,3350,Metaplanet Inc.,XTX Markets Pte Ltd,"50, Collyer Quay, #06-05 OUE Bayfront, Singapore 049321",,,,0.0069,125900,1259.0,2024-09-10,0.0032,
2024-09-03,3350,Metaplanet Inc.,GOLDMAN SACHS INTERNATIONAL,Plumtree Court 25 Shoe Lane London,,,,0.0045000000000000005,83117,831.0,2024-09-02,0.005699999999999999,顧客取引に係るヘッジポジション及びETFの場合は当該ETFの設定を伴う空売りを含む
2024-09-02,3350,Metaplanet Inc.,GOLDMAN SACHS INTERNATIONAL,Plumtree Court 25 Shoe Lane London,,,,0.005699999999999999,103634,1036.0,2024-08-30,0.0068000000000000005,顧客取引に係るヘッジポジション及びETFの場合は当該ETFの設定を伴う空売りを含む
2024-08-30,3350,Metaplanet Inc.,GOLDMAN SACHS INTERNATIONAL,Plumtree Court 25 Shoe Lane London,,,,0.0068000000000000005,124134,1241.0,2024-08-29,0.0079,顧客取引に係るヘッジポジション及びETFの場合は当該ETFの設定を伴う空売りを含む
2024-08-29,3350,Metaplanet Inc.,GOLDMAN SACHS INTERNATIONAL,Plumtree Court 25 Shoe Lane London,,,,0.0079,144617,1446.0,2024-08-28,0.0091,顧客取引に係るヘッジポジション及びETFの場合は当該ETFの設定を伴う空売りを含む
2024-08-28,3350,Metaplanet Inc.,GOLDMAN SACHS INTERNATIONAL,Plumtree Court 25 Shoe Lane London,,,,0.0091,167117,1671.0,2024-08-27,0.0104,顧客取引に係るヘッジポジション及びETFの場合は当該ETFの設定を伴う空売りを含む
2024-08-27,3350,Metaplanet Inc.,GOLDMAN SACHS INTERNATIONAL,Plumtree Court 25 Shoe Lane London,,,,0.0104,189517,1895.0,2024-08-26,0.0118,顧客取引に係るヘッジポジション及びETFの場合は当該ETFの設定を伴う空売りを含む
2024-08-26,3350,Metaplanet Inc.,GOLDMAN SACHS INTERNATIONAL,Plumtree Court 25 Shoe Lane London,,,,0.0118,215717,2157.0,2024-08-23,0.0127,顧客取引に係るヘッジポジション及びETFの場合は当該ETFの設定を伴う空売りを含む
2024-08-23,3350,Metaplanet Inc.,GOLDMAN SACHS INTERNATIONAL,Plumtree Court 25 Shoe Lane London,,,,0.0127,231617,2316.0,2024-08-01,0.0025,顧客取引に係るヘッジポジション及びETFの場合は当該ETFの設定を伴う空売りを含む
2024-08-23,3350,Metaplanet Inc.,Nomura International plc,"1 Angel Lane, London, EC4R 3AB, United Kingdom",,,,0.0,0,0.0,2024-08-22,0.0062,Below the threshold
2024-08-22,3350,Metaplanet Inc.,Nomura International plc,"1 Angel Lane, London, EC4R 3AB, United Kingdom",,,,0.0062,114070,1140.0,2024-08-20,0.0092,
2024-08-20,3350,Metaplanet Inc.,Nomura International plc,"1 Angel Lane, London, EC4R 3AB, United Kingdom",,,,0.0092,167170,1671.0,2024-08-19,0.0173,
2024-08-20,3350,Metaplanet Inc.,モルガン・スタンレーMUFG証券株式会社,東京都千代田区大手町一丁目９番７号大手町フィナンシャルシティサウスタワー,,,,0.0039000000000000003,71762,717.0,2024-08-14,0.0055000000000000005,
2024-08-19,3350,Metaplanet Inc.,Nomura International plc,"1 Angel Lane, London, EC4R 3AB, United Kingdom",,,,0.0173,315070,3150.0,2024-08-15,0.0167,
2024-08-19,3350,Metaplanet Inc.,JPM Securities Japan Co Ltd.,"TOKYO BUILDING,7-3, MARUNOUCHI 2-CHOME, CHIYODA-KU, TOKYO, 1006432, JAPAN",,,,0.0034999999999999996,64545,645.0,2024-08-16,0.0058,
2024-08-16,3350,Metaplanet Inc.,JPM Securities Japan Co Ltd.,"TOKYO BUILDING,7-3, MARUNOUCHI 2-CHOME, CHIYODA-KU, TOKYO, 1006432, JAPAN",,,,0.0058,105945,1059.0,2024-08-15,0.0084,
2024-08-15,3350,Metaplanet Inc.,JPM Securities Japan Co Ltd.,"TOKYO BUILDING,7-3, MARUNOUCHI 2-CHOME, CHIYODA-KU, TOKYO, 1006432, JAPAN",,,,0.0084,154045,1540.0,2024-08-14,0.0101,
2024-08-15,3350,Metaplanet Inc.,Nomura International plc,"1 Angel Lane, London, EC4R 3AB, United Kingdom",,,,0.0167,304070,3040.0,2024-08-14,0.015700000000000002,
2024-08-14,3350,Metaplanet Inc.,モルガン・スタンレーMUFG証券株式会社,東京都千代田区大手町一丁目９番７号大手町フィナンシャルシティサウスタワー,,,,0.0055000000000000005,100462,1004.0,2024-08-13,0.0067,
2024-08-14,3350,Metaplanet Inc.,Nomura International plc,"1 Angel Lane, London, EC4R 3AB, United Kingdom",,,,0.015700000000000002,287070,2870.0,2024-08-13,0.0184,
2024-08-14,3350,Metaplanet Inc.,JPM Securities Japan Co Ltd.,"TOKYO BUILDING,7-3, MARUNOUCHI 2-CHOME, CHIYODA-KU, TOKYO, 1006432, JAPAN",,,,0.0101,184945,1849.0,2024-08-09,0.0125,
2024-08-13,3350,Metaplanet Inc.,Nomura International plc,"1 Angel Lane, London, EC4R 3AB, United Kingdom",,,,0.0184,334770,3347.0,2024-08-09,0.0178,
2024-08-13,3350,Metaplanet Inc.,モルガン・スタンレーMUFG証券株式会社,東京都千代田区大手町一丁目９番７号大手町フィナンシャルシティサウスタワー,,,,0.0067,121871,1218.0,2024-08-09,0.0042,
2024-08-09,3350,Metaplanet Inc.,JPM Securities Japan Co Ltd.,"TOKYO BUILDING,7-3, MARUNOUCHI 2-CHOME, CHIYODA-KU, TOKYO, 1006432, JAPAN",,,,0.0125,227745,2277.0,2024-08-06,0.0152,
2024-08-09,3350,Metaplanet Inc.,Nomura International plc,"1 Angel Lane, London, EC4R 3AB, United Kingdom",,,,0.0178,323970,3239.0,2024-08-07,0.0078000000000000005,
2024-08-07,3350,Metaplanet Inc.,Nomura International plc,"1 Angel Lane, London, EC4R 3AB, United Kingdom",,,,0.0078000000000000005,141770,1417.0,2024-08-06,0.006,
2024-08-06,3350,Metaplanet Inc.,JPM Securities Japan Co Ltd.,"TOKYO BUILDING,7-3, MARUNOUCHI 2-CHOME, CHIYODA-KU, TOKYO, 1006432, JAPAN",,,,0.0152,277345,2773.0,2024-08-02,0.011699999999999999,
2024-08-06,3350,Metaplanet Inc.,Nomura International plc,"1 Angel Lane, London, EC4R 3AB, United Kingdom",,,,0.006,110270,1102.0,2024-08-05,0.0075,
2024-08-05,3350,Metaplanet Inc.,Nomura International plc,"1 Angel Lane, London, EC4R 3AB, United Kingdom",,,,0.0075,136670,1366.0,2024-08-02,0.0069,
2024-08-02,3350,Metaplanet Inc.,Nomura International plc,"1 Angel Lane, London, EC4R 3AB, United Kingdom",,,,0.0069,126170,1261.0,2024-08-01,0.0083,
2024-08-02,3350,Metaplanet Inc.,JPM Securities Japan Co Ltd.,"TOKYO BUILDING,7-3, MARUNOUCHI 2-CHOME, CHIYODA-KU, TOKYO, 1006432, JAPAN",,,,0.011699999999999999,212745,2127.0,2024-08-01,0.0052,
2024-08-01,3350,Metaplanet Inc.,JPM Securities Japan Co Ltd.,"TOKYO BUILDING,7-3, MARUNOUCHI 2-CHOME, CHIYODA-KU, TOKYO, 1006432, JAPAN",,,,0.0052,95955,959.0,2022-07-13,0.0016,
2024-08-01,3350,Metaplanet Inc.,Nomura International plc,"1 Angel Lane, London, EC4R 3AB, United Kingdom",,,,0.0083,152170,1521.0,2024-07-31,0.0109,
2024-07-31,3350,Metaplanet Inc.,Nomura International plc,"1 Angel Lane, London, EC4R 3AB, United Kingdom",,,,0.0109,199710,1997.0,2024-07-25,0.0183,
2024-07-25,3350,Metaplanet Inc.,Nomura International plc,"1 Angel Lane, London, EC4R 3AB, United Kingdom",,,,0.0183,3327700,33277.0,2024-07-24,0.0175,
2024-07-25,3350,Metaplanet Inc.,モルガン・スタンレーMUFG証券株式会社,東京都千代田区大手町一丁目９番７号大手町フィナンシャルシティサウスタワー,,,,0.0048,885811,8858.0,2024-07-19,0.0051,
2024-07-24,3350,Metaplanet Inc.,Nomura International plc,"1 Angel Lane, London, EC4R 3AB, United Kingdom",,,,0.0175,3195300,31953.0,2024-07-23,0.0152,
2024-07-23,3350,Metaplanet Inc.,Nomura International plc,"1 Angel Lane, London, EC4R 3AB, United Kingdom",,,,0.0152,2775300,27753.0,2024-07-22,0.0176,
2024-07-22,3350,Metaplanet Inc.,Nomura International plc,"1 Angel Lane, London, EC4R 3AB, United Kingdom",,,,0.0176,3212500,32125.0,2024-07-19,0.0128,
2024-07-19,3350,Metaplanet Inc.,Nomura International plc,"1 Angel Lane, London, EC4R 3AB, United Kingdom",,,,0.0128,2336500,23365.0,2024-07-18,0.0173,
2024-07-19,3350,Metaplanet Inc.,モルガン・スタンレーMUFG証券株式会社,東京都千代田区大手町一丁目９番７号大手町フィナンシャルシティサウスタワー,,,,0.0051,878711,8787.0,2024-07-17,0.0048,
2024-07-18,3350,Metaplanet Inc.,Nomura International plc,"1 Angel Lane, London, EC4R 3AB, United Kingdom",,,,0.0173,3013900,30139.0,2024-07-17,0.011899999999999999,
2024-07-17,3350,Metaplanet Inc.,Nomura International plc,"1 Angel Lane, London, EC4R 3AB, United Kingdom",,,,0.011899999999999999,2088100,20881.0,2024-07-16,0.013500000000000002,
2024-07-17,3350,Metaplanet Inc.,モルガン・スタンレーMUFG証券株式会社,東京都千代田区大手町一丁目９番７号大手町フィナンシャルシティサウスタワー,,,,0.0048,816411,8164.0,2024-07-16,0.0064,
2024-07-16,3350,Metaplanet Inc.,Nomura International plc,"1 Angel Lane, London, EC4R 3AB, United Kingdom",,,,0.013500000000000002,2365900,23659.0,2024-07-10,0.0208,
2024-07-16,3350,Metaplanet Inc.,モルガン・スタンレーMUFG証券株式会社,東京都千代田区大手町一丁目９番７号大手町フィナンシャルシティサウスタワー,,,,0.0064,1102211,11022.0,2024-07-11,0.0109,
2024-07-11,3350,Metaplanet Inc.,モルガン・スタンレーMUFG証券株式会社,東京都千代田区大手町一丁目９番７号大手町フィナンシャルシティサウスタワー,,,,0.0109,1870111,18701.0,2024-07-09,0.011000000000000001,
2024-07-10,3350,Metaplanet Inc.,Nomura International plc,"1 Angel Lane, London, EC4R 3AB, United Kingdom",,,,0.0208,3624800,36248.0,2024-07-09,0.019299999999999998,
2024-07-09,3350,Metaplanet Inc.,モルガン・スタンレーMUFG証券株式会社,東京都千代田区大手町一丁目９番７号大手町フィナンシャルシティサウスタワー,,,,0.011000000000000001,1877311,18773.0,2024-07-08,0.0109,
2024-07-09,3350,Metaplanet Inc.,Nomura International plc,"1 Angel Lane, London, EC4R 3AB, United Kingdom",,,,0.019299999999999998,3372900,33729.0,2024-07-04,0.018600000000000002,
2024-07-08,3350,Metaplanet Inc.,モルガン・スタンレーMUFG証券株式会社,東京都千代田区大手町一丁目９番７号大手町フィナンシャルシティサウスタワー,,,,0.0109,1868211,18682.0,2024-06-24,0.0118,
2024-07-04,3350,Metaplanet Inc.,Nomura International plc,"1 Angel Lane, London, EC4R 3AB, United Kingdom",,,,0.018600000000000002,3248000,32480.0,2024-07-03,0.0195,
2024-07-03,3350,Metaplanet Inc.,Nomura International plc,"1 Angel Lane, London, EC4R 3AB, United Kingdom",,,,0.0195,3400700,34007.0,2024-06-28,0.0204,
2024-07-03,3350,Metaplanet Inc.,XTX Markets Pte Ltd,"50, Collyer Quay, #06-05 OUE Bayfront, Singapore 049321",,,,0.0043,764100,7641.0,2024-06-28,0.0052,
2024-06-28,3350,Metaplanet Inc.,Nomura International plc,"1 Angel Lane, London, EC4R 3AB, United Kingdom",,,,0.0204,3560700,35607.0,2024-06-27,0.0182,
2024-06-28,3350,Metaplanet Inc.,XTX Markets Pte Ltd,"50, Collyer Quay, #06-05 OUE Bayfront, Singapore 049321",,,,0.0052,921800,9218.0,2024-06-27,0.0043,
2024-06-27,3350,Metaplanet Inc.,Nomura International plc,"1 Angel Lane, London, EC4R 3AB, United Kingdom",,,,0.0182,3176500,31765.0,2024-06-26,0.021,
2024-06-27,3350,Metaplanet Inc.,XTX Markets Pte Ltd,"50, Collyer Quay, #06-05 OUE Bayfront, Singapore 049321",,,,0.0043,763700,7637.0,2024-06-26,0.0052,
